,store_id,promised delivery time,ordering time,latitude,longitude,delivery time (s),delivery time (m),distance,distance (m)
5287,1,2018-12-10 08:00:00,2018-12-10 06:30:11,31.193597,121.533471,5389,89.0,1.161349797994727,1161.349797994727
5288,1,2018-12-10 07:30:00,2018-12-10 06:30:40,31.18619,121.529357,3560,59.0,0.8865914032147446,886.5914032147446
5289,1,2018-12-10 07:30:00,2018-12-10 06:30:40,31.201981,121.533722,3560,59.0,2.0430320859773476,2043.0320859773476
5290,1,2018-12-10 08:00:00,2018-12-10 06:45:40,31.184121,121.521351,4460,74.0,1.615232813924439,1615.232813924439
5291,1,2018-12-10 08:00:00,2018-12-10 06:46:24,31.182006,121.524075,4416,73.0,1.373046642231036,1373.046642231036
5292,1,2018-12-10 08:00:00,2018-12-10 06:47:12,31.185998,121.518235,4368,72.0,1.9252196517710813,1925.2196517710813
5293,1,2018-12-10 08:00:00,2018-12-10 06:49:10,31.201445,121.535847,4250,70.0,1.9505702637639084,1950.5702637639083
5294,1,2018-12-10 08:00:00,2018-12-10 06:50:01,31.181444,121.523516,4199,69.0,1.4365588696443765,1436.5588696443765
5295,1,2018-12-10 07:45:00,2018-12-10 06:52:38,31.16822,121.54056,3142,52.0,1.7604695359818858,1760.4695359818859
5296,1,2018-12-10 08:00:00,2018-12-10 06:56:57,31.194826,121.531388,3783,63.0,1.371110067904563,1371.1100679045628
5297,1,2018-12-10 07:45:00,2018-12-10 06:57:13,31.190859,121.549951,2867,47.0,1.3476654460646549,1347.6654460646548
5298,1,2018-12-10 08:00:00,2018-12-10 06:58:36,31.192762,121.536707,3684,61.0,0.9855503462892446,985.5503462892447
5299,1,2018-12-10 07:45:00,2018-12-10 06:59:22,31.191041,121.522441,2738,45.0,1.7020219716618572,1702.0219716618572
5300,1,2018-12-10 08:15:00,2018-12-10 07:00:28,31.192421,121.534424,4472,74.0,1.006155750303326,1006.155750303326
5301,1,2018-12-10 08:15:00,2018-12-10 07:03:01,31.183418,121.543392,4319,71.0,0.4897605495645916,489.7605495645916
5302,1,2018-12-10 08:15:00,2018-12-10 07:07:08,31.181542,121.523677,4072,67.0,1.419403071262604,1419.403071262604
5303,1,2018-12-10 08:00:00,2018-12-10 07:14:06,31.188563,121.522093,2754,45.0,1.625887628105228,1625.8876281052278
5304,1,2018-12-10 08:15:00,2018-12-10 07:17:54,31.182037,121.532696,3426,57.0,0.575523955758149,575.523955758149
5305,1,2018-12-10 08:30:00,2018-12-10 07:19:50,31.200266,121.537315,4210,70.0,1.8082568107233608,1808.2568107233608
5306,1,2018-12-10 08:30:00,2018-12-10 07:21:10,31.177093,121.550308,4130,68.0,1.376227802768841,1376.227802768841
5307,1,2018-12-10 08:15:00,2018-12-10 07:21:51,31.175626,121.555281,3189,53.0,1.8652597745298871,1865.2597745298872
5308,1,2018-12-10 08:15:00,2018-12-10 07:22:06,31.176458,121.554825,3174,52.0,1.7826830256873256,1782.6830256873257
5309,1,2018-12-10 08:30:00,2018-12-10 07:28:27,31.169402,121.535691,3693,61.0,1.6350931528194632,1635.0931528194633
5310,1,2018-12-10 08:15:00,2018-12-10 07:29:41,31.181601,121.534147,2719,45.0,0.47524613342747524,475.24613342747523
5311,1,2018-12-10 09:15:00,2018-12-10 07:32:44,31.169793,121.539707,6136,102.0,1.5785272111989153,1578.5272111989152
5312,1,2018-12-10 08:30:00,2018-12-10 07:35:06,31.188396,121.530751,3294,54.0,0.8700745854625866,870.0745854625867
5313,1,2018-12-10 08:30:00,2018-12-10 07:35:06,31.186012,121.519815,3294,54.0,1.7759196721105401,1775.9196721105402
5314,1,2018-12-10 09:00:00,2018-12-10 07:38:10,31.183516,121.549376,4910,81.0,1.0574444694675482,1057.4444694675483
5315,1,2018-12-10 08:30:00,2018-12-10 07:43:00,31.182149,121.534405,2820,47.0,0.4226968455792552,422.6968455792552
5316,1,2018-12-10 08:30:00,2018-12-10 07:44:28,31.180789,121.555423,2732,45.0,1.6704868349545807,1670.4868349545807
5317,1,2018-12-10 09:00:00,2018-12-10 07:46:00,31.202802,121.540744,4440,74.0,2.100021109539744,2100.021109539744
5318,1,2018-12-10 08:22:01,2018-12-10 07:46:04,31.188625,121.53901,2157,35.0,0.5196520513504177,519.6520513504177
5319,1,2018-12-10 08:45:00,2018-12-10 07:49:16,31.165343,121.536428,3344,55.0,2.073819539049334,2073.819539049334
5320,1,2018-12-10 09:00:00,2018-12-10 07:49:19,31.181725,121.535228,4241,70.0,0.38460735206397756,384.60735206397754
5321,1,2018-12-10 09:00:00,2018-12-10 07:49:37,31.199965,121.540618,4223,70.0,1.7862370368549407,1786.2370368549407
5322,1,2018-12-10 08:45:00,2018-12-10 07:51:03,31.172753,121.545024,3237,53.0,1.4001513546020425,1400.1513546020426
5323,1,2018-12-10 08:45:00,2018-12-10 07:51:36,31.197121,121.545078,3204,53.0,1.594111052256443,1594.111052256443
5324,1,2018-12-10 08:45:00,2018-12-10 07:51:54,31.184468,121.523904,3186,53.0,1.3728733634704091,1372.873363470409
5325,1,2018-12-10 08:45:00,2018-12-10 07:56:42,31.188991,121.543987,2898,48.0,0.776637312148348,776.637312148348
5326,1,2018-12-10 08:45:00,2018-12-10 07:59:41,31.183102,121.524266,2719,45.0,1.340830213441626,1340.8302134416258
5327,1,2018-12-10 08:45:00,2018-12-10 07:59:59,31.192008,121.53664,2701,45.0,0.9041288174905183,904.1288174905184
5328,1,2018-12-10 09:00:00,2018-12-10 08:05:09,31.195161,121.53542,3291,54.0,1.2697667720215955,1269.7667720215954
5329,1,2018-12-10 09:45:00,2018-12-10 08:07:59,31.186292,121.51783,5821,97.0,1.9675477168488076,1967.5477168488076
5330,1,2018-12-10 09:00:00,2018-12-10 08:09:21,31.167773,121.541481,3039,50.0,1.822225148663136,1822.225148663136
5331,1,2018-12-10 09:00:00,2018-12-10 08:11:45,31.187716,121.526675,2895,48.0,1.1826253796100368,1182.6253796100368
5332,1,2018-12-10 09:00:00,2018-12-10 08:14:56,31.185864,121.529361,2704,45.0,0.876914351242981,876.914351242981
5333,1,2018-12-10 09:30:00,2018-12-10 08:16:15,31.195846,121.54459,4425,73.0,1.4461089254518111,1446.108925451811
5334,1,2018-12-10 09:30:00,2018-12-10 08:17:57,31.196964,121.533057,4323,72.0,1.5238595533144321,1523.859553314432
5335,1,2018-12-10 09:30:00,2018-12-10 08:18:10,31.191622,121.519528,4310,71.0,1.9794391557573796,1979.4391557573797
5336,1,2018-12-10 09:15:00,2018-12-10 08:20:06,31.175751,121.548436,3294,54.0,1.3290997025104034,1329.0997025104034
5337,1,2018-12-10 09:30:00,2018-12-10 08:20:26,31.167181,121.53778,4174,69.0,1.8630288327344329,1863.0288327344329
5338,1,2018-12-10 09:30:00,2018-12-10 08:20:27,31.196271,121.545104,4173,69.0,1.5095155778152245,1509.5155778152246
5339,1,2018-12-10 09:15:00,2018-12-10 08:21:57,31.180719,121.556181,3183,53.0,1.742764015145214,1742.764015145214
5340,1,2018-12-10 09:15:00,2018-12-10 08:22:38,31.169878,121.539967,3142,52.0,1.5714569352202858,1571.456935220286
5341,1,2018-12-10 09:30:00,2018-12-10 08:25:57,31.165511,121.533166,3843,64.0,2.105118523851476,2105.118523851476
5342,1,2018-12-10 09:15:00,2018-12-10 08:27:05,31.183533,121.541597,2875,47.0,0.31855378651181304,318.55378651181303
5343,1,2018-12-10 09:30:00,2018-12-10 08:27:09,31.172819,121.539357,3771,62.0,1.2414129124782465,1241.4129124782464
5344,1,2018-12-10 09:15:00,2018-12-10 08:28:02,31.174385,121.53413,2818,46.0,1.1353563153283495,1135.3563153283494
5345,1,2018-12-10 09:45:00,2018-12-10 08:28:29,31.17574,121.52574,4591,76.0,1.5055849522221372,1505.5849522221372
5346,1,2018-12-10 09:30:00,2018-12-10 08:31:24,31.174971,121.548846,3516,58.0,1.4173407625438281,1417.340762543828
5347,1,2018-12-10 09:02:40,2018-12-10 08:31:42,31.191988,121.519277,1858,30.0,2.0186032449657834,2018.6032449657835
5348,1,2018-12-10 09:45:00,2018-12-10 08:33:28,31.187555,121.54203,4292,71.0,0.5328730115689219,532.8730115689218
5349,1,2018-12-10 09:30:00,2018-12-10 08:34:09,31.187288,121.552789,3351,55.0,1.4294015252465908,1429.4015252465908
5350,1,2018-12-10 09:05:46,2018-12-10 08:34:48,31.197763,121.530595,1858,30.0,1.6954286596657244,1695.4286596657244
5351,1,2018-12-10 09:30:00,2018-12-10 08:35:08,31.169998,121.539782,3292,54.0,1.556516889301033,1556.516889301033
5352,1,2018-12-10 09:30:00,2018-12-10 08:36:00,31.172312,121.536517,3240,54.0,1.3045576917948862,1304.5576917948863
5353,1,2018-12-10 10:00:00,2018-12-10 08:43:46,31.18951,121.520662,4574,76.0,1.7891788684560375,1789.1788684560374
5354,1,2018-12-10 09:30:00,2018-12-10 08:43:56,31.181405,121.52332,2764,46.0,1.4557272251235733,1455.7272251235734
5355,1,2018-12-10 10:00:00,2018-12-10 08:46:23,31.186866,121.52211,4417,73.0,1.5756518292990758,1575.6518292990759
5356,1,2018-12-10 09:45:00,2018-12-10 08:48:24,31.184311,121.540862,3396,56.0,0.247401460331226,247.40146033122602
5357,1,2018-12-10 10:00:00,2018-12-10 08:49:34,31.195111,121.545869,4226,70.0,1.4298829402613302,1429.8829402613303
5358,1,2018-12-10 09:45:00,2018-12-10 08:49:37,31.180568,121.523954,3323,55.0,1.4183942214847156,1418.3942214847157
5359,1,2018-12-10 09:45:00,2018-12-10 08:50:13,31.181885,121.554808,3287,54.0,1.5910179771948418,1591.017977194842
5360,1,2018-12-10 09:45:00,2018-12-10 08:50:17,31.181309,121.523933,3283,54.0,1.4006864216387018,1400.6864216387019
5361,1,2018-12-10 09:45:00,2018-12-10 08:50:29,31.182471,121.54467,3271,54.0,0.6301934828642095,630.1934828642095
5362,1,2018-12-10 10:00:00,2018-12-10 08:50:50,31.194453,121.540906,4150,69.0,1.1876925429805376,1187.6925429805376
5363,1,2018-12-10 10:00:00,2018-12-10 08:51:15,31.195798,121.545068,4125,68.0,1.4608212896095918,1460.8212896095918
5364,1,2018-12-10 09:45:00,2018-12-10 08:52:22,31.185063,121.539444,3158,52.0,0.16261222812856177,162.61222812856178
5365,1,2018-12-10 09:45:00,2018-12-10 08:53:40,31.180086,121.523057,3080,51.0,1.515326096092731,1515.326096092731
5366,1,2018-12-10 10:00:00,2018-12-10 08:56:58,31.177632,121.550952,3782,63.0,1.3966675988293282,1396.6675988293282
5367,1,2018-12-10 10:00:00,2018-12-10 09:06:39,31.196833,121.534938,3201,53.0,1.4607000613448498,1460.7000613448497
5368,1,2018-12-10 10:00:00,2018-12-10 09:10:11,31.182434,121.522218,2989,49.0,1.5420639503790068,1542.0639503790069
5369,1,2018-12-10 10:00:00,2018-12-10 09:10:20,31.174529,121.540111,2980,49.0,1.0618876651483384,1061.8876651483383
5370,1,2018-12-10 10:30:00,2018-12-10 09:11:09,31.187954,121.530766,4731,78.0,0.8422442307041744,842.2442307041745
5371,1,2018-12-10 10:15:00,2018-12-10 09:11:42,31.185081,121.529842,3798,63.0,0.8150053418576221,815.005341857622
5372,1,2018-12-10 10:30:00,2018-12-10 09:11:57,31.180236,121.548119,4683,78.0,1.0242157700819756,1024.2157700819755
5373,1,2018-12-10 10:30:00,2018-12-10 09:13:08,31.188335,121.547889,4612,76.0,1.034165077426356,1034.165077426356
5374,1,2018-12-10 10:15:00,2018-12-10 09:15:45,31.187547,121.533875,3555,59.0,0.5779957391888408,577.9957391888408
5375,1,2018-12-10 10:30:00,2018-12-10 09:16:24,31.191256,121.520805,4416,73.0,1.852133307193799,1852.133307193799
5376,1,2018-12-10 09:48:33,2018-12-10 09:17:38,31.168287,121.539707,1855,30.0,1.7449514163317252,1744.9514163317253
5377,1,2018-12-10 10:15:00,2018-12-10 09:20:10,31.182499,121.536103,3290,54.0,0.26567898823602354,265.67898823602354
5378,1,2018-12-10 10:45:00,2018-12-10 09:23:06,31.187311,121.541833,4914,81.0,0.5002148804399387,500.21488043993867
5379,1,2018-12-10 10:15:00,2018-12-10 09:23:10,31.181768,121.521798,3110,51.0,1.591550329064353,1591.5503290643528
5380,1,2018-12-10 11:15:00,2018-12-10 09:23:31,31.192645,121.534156,6689,111.0,1.0387326001455057,1038.7326001455058
5381,1,2018-12-10 10:15:00,2018-12-10 09:24:07,31.180519,121.52274,3053,50.0,1.5315901972964447,1531.5901972964448
5382,1,2018-12-10 10:15:00,2018-12-10 09:24:23,31.187896,121.525896,3037,50.0,1.2591841459818325,1259.1841459818324
5383,1,2018-12-10 10:15:00,2018-12-10 09:27:42,31.190561,121.55022,2838,47.0,1.3507465942628771,1350.7465942628771
5384,1,2018-12-10 10:15:00,2018-12-10 09:29:33,31.195912,121.544332,2727,45.0,1.4427884736868437,1442.7884736868436
5385,1,2018-12-10 10:45:00,2018-12-10 09:30:34,31.178285,121.558597,4466,74.0,2.035558866148144,2035.5588661481438
5386,1,2018-12-10 10:30:00,2018-12-10 09:32:38,31.19615,121.527472,3442,57.0,1.6986424798484019,1698.642479848402
5387,1,2018-12-10 10:04:04,2018-12-10 09:34:05,31.175393,121.521558,1799,29.0,1.8578801450067064,1857.8801450067065
5388,1,2018-12-10 10:30:00,2018-12-10 09:36:07,31.175816,121.521461,3233,53.0,1.8423386330515275,1842.3386330515275
5389,1,2018-12-10 10:30:00,2018-12-10 09:39:25,31.182983,121.544754,3035,50.0,0.6254460728260605,625.4460728260605
5390,1,2018-12-10 11:00:00,2018-12-10 09:40:47,31.189934,121.540792,4753,79.0,0.7018718006306643,701.8718006306643
5391,1,2018-12-10 10:30:00,2018-12-10 09:41:23,31.190218,121.555017,2917,48.0,1.7375054246212316,1737.5054246212317
5392,1,2018-12-10 11:00:00,2018-12-10 09:43:56,31.196758,121.533698,4564,76.0,1.4831133357449329,1483.1133357449328
5393,1,2018-12-10 11:00:00,2018-12-10 09:46:18,31.169073,121.542246,4422,73.0,1.6949755929215042,1694.9755929215041
5394,1,2018-12-10 10:45:00,2018-12-10 09:47:52,31.193115,121.525611,3428,57.0,1.5773104587914146,1577.3104587914147
5395,1,2018-12-10 10:45:00,2018-12-10 09:50:12,31.188417,121.546183,3288,54.0,0.8985584462581288,898.5584462581287
5396,1,2018-12-10 10:45:00,2018-12-10 09:51:48,31.186315,121.530817,3192,53.0,0.7584569122661893,758.4569122661893
5397,1,2018-12-10 10:45:00,2018-12-10 09:55:27,31.199905,121.541984,2973,49.0,1.8004714767038412,1800.4714767038413
5398,1,2018-12-10 10:45:00,2018-12-10 09:55:40,31.182036,121.532164,2960,49.0,0.6228814954980055,622.8814954980055
5399,1,2018-12-10 10:45:00,2018-12-10 09:57:14,31.180769,121.548782,2866,47.0,1.0610443122105502,1061.0443122105503
5400,1,2018-12-10 11:00:00,2018-12-10 09:57:31,31.181471,121.517616,3749,62.0,1.9907130233375074,1990.7130233375074
5401,1,2018-12-10 10:45:00,2018-12-10 10:00:20,31.174598,121.54217,2680,44.0,1.1036725307464366,1103.6725307464367
5402,1,2018-12-10 11:00:00,2018-12-10 10:06:29,31.191521,121.542445,3211,53.0,0.9250727006531431,925.0727006531431
5403,1,2018-12-10 11:00:00,2018-12-10 10:12:43,31.189788,121.530847,2837,47.0,0.9586160724229267,958.6160724229267
5404,1,2018-12-10 11:00:00,2018-12-10 10:13:02,31.179899,121.552296,2818,46.0,1.409125793290146,1409.125793290146
5405,1,2018-12-10 11:00:00,2018-12-10 10:15:00,31.203314,121.536101,2700,45.0,2.1539602139265233,2153.9602139265235
5406,1,2018-12-10 11:00:00,2018-12-10 10:15:52,31.190214,121.541583,2648,44.0,0.7590466976635705,759.0466976635705
5407,1,2018-12-10 11:30:00,2018-12-10 10:17:16,31.190378,121.538195,4364,72.0,0.7095944226898949,709.5944226898949
5408,1,2018-12-10 11:30:00,2018-12-10 10:18:42,31.185757,121.530117,4278,71.0,0.8041226384416662,804.1226384416663
5409,1,2018-12-10 11:45:00,2018-12-10 10:18:43,31.17411,121.548726,5177,86.0,1.4784348948743533,1478.4348948743534
5410,1,2018-12-10 11:30:00,2018-12-10 10:19:38,31.193266,121.534585,4222,70.0,1.088772871809913,1088.772871809913
5411,1,2018-12-10 11:15:00,2018-12-10 10:19:52,31.186288,121.522474,3308,55.0,1.5296775120815795,1529.6775120815796
5412,1,2018-12-10 11:15:00,2018-12-10 10:20:09,31.192734,121.534214,3291,54.0,1.0457982377446358,1045.7982377446358
5413,1,2018-12-10 11:15:00,2018-12-10 10:20:13,31.196968,121.543743,3287,54.0,1.5309195833437435,1530.9195833437434
5414,1,2018-12-10 11:15:00,2018-12-10 10:20:19,31.185722,121.543712,3281,54.0,0.5512996572493385,551.2996572493385
5415,1,2018-12-10 11:15:00,2018-12-10 10:21:34,31.18687,121.552925,3206,53.0,1.4308459337038375,1430.8459337038375
5416,1,2018-12-10 11:15:00,2018-12-10 10:23:52,31.179654,121.524453,3068,51.0,1.4039151535237868,1403.9151535237868
5417,1,2018-12-10 11:15:00,2018-12-10 10:25:03,31.189328,121.522974,2997,49.0,1.5762559361848887,1576.2559361848887
5418,1,2018-12-10 11:15:00,2018-12-10 10:30:02,31.19158,121.544416,2698,44.0,1.0250113264609342,1025.0113264609342
5419,1,2018-12-10 12:00:00,2018-12-10 10:35:16,31.191436,121.534024,5084,84.0,0.9216399676107518,921.6399676107518
5420,1,2018-12-10 11:30:00,2018-12-10 10:35:19,31.193945,121.527001,3281,54.0,1.5427222688854525,1542.7222688854524
5421,1,2018-12-10 12:00:00,2018-12-10 10:35:22,31.175164,121.549045,5078,84.0,1.4160107750184425,1416.0107750184425
5422,1,2018-12-10 11:30:00,2018-12-10 10:35:26,31.172275,121.545305,3274,54.0,1.4595322388601941,1459.5322388601942
5423,1,2018-12-10 12:00:00,2018-12-10 10:35:30,31.19023,121.526656,5070,84.0,1.3081611048305029,1308.1611048305028
5424,1,2018-12-10 11:30:00,2018-12-10 10:35:30,31.199959,121.53327,3270,54.0,1.8354065438089275,1835.4065438089276
5425,1,2018-12-10 11:45:00,2018-12-10 10:35:41,31.197596,121.528964,4159,69.0,1.752310179054937,1752.310179054937
5426,1,2018-12-10 11:30:00,2018-12-10 10:36:58,31.187197,121.543681,3182,53.0,0.6251837636842991,625.183763684299
5427,1,2018-12-10 11:30:00,2018-12-10 10:38:55,31.181393,121.536691,3065,51.0,0.32490979421640803,324.90979421640805
5428,1,2018-12-10 11:30:00,2018-12-10 10:42:40,31.182232,121.536337,2840,47.0,0.2689758584936602,268.97585849366016
5429,1,2018-12-10 11:30:00,2018-12-10 10:43:31,31.18466,121.538213,2789,46.0,0.07596781992136156,75.96781992136157
5430,1,2018-12-10 11:30:00,2018-12-10 10:43:33,31.185501,121.5275,2787,46.0,1.042776866775705,1042.776866775705
5431,1,2018-12-10 11:30:00,2018-12-10 10:44:49,31.189961,121.54403,2711,45.0,0.8594942863828604,859.4942863828604
5432,1,2018-12-10 11:30:00,2018-12-10 10:45:21,31.187772,121.547969,2679,44.0,1.0134603532072153,1013.4603532072152
5433,1,2018-12-10 12:00:00,2018-12-10 10:46:20,31.185034,121.530008,4420,73.0,0.7985846904741873,798.5846904741874
5434,1,2018-12-10 12:00:00,2018-12-10 10:46:42,31.190036,121.52494,4398,73.0,1.439312116100573,1439.3121161005731
5435,1,2018-12-10 11:45:00,2018-12-10 10:48:45,31.194325,121.542916,3375,56.0,1.228778438244664,1228.7784382446641
5436,1,2018-12-10 11:45:00,2018-12-10 10:49:53,31.183658,121.522476,3307,55.0,1.5083424606167664,1508.3424606167664
5437,1,2018-12-10 11:45:00,2018-12-10 10:49:57,31.184739,121.536858,3303,55.0,0.16088757486770716,160.88757486770717
5438,1,2018-12-10 11:45:00,2018-12-10 10:50:09,31.19924,121.537729,3291,54.0,1.6929459478715039,1692.945947871504
5439,1,2018-12-10 11:45:00,2018-12-10 10:50:26,31.172449,121.544454,3274,54.0,1.40666634322721,1406.66634322721
5440,1,2018-12-10 11:45:00,2018-12-10 10:50:30,31.190628,121.550587,3270,54.0,1.3842533968094248,1384.2533968094249
5441,1,2018-12-10 11:45:00,2018-12-10 10:54:29,31.179662,121.552418,3031,50.0,1.4287323467773811,1428.732346777381
5442,1,2018-12-10 11:45:00,2018-12-10 10:55:53,31.181064,121.530078,2947,49.0,0.8473422814096011,847.3422814096011
5443,1,2018-12-10 12:00:00,2018-12-10 10:58:41,31.168117,121.535438,3679,61.0,1.779575930980921,1779.575930980921
5444,1,2018-12-10 12:15:00,2018-12-10 11:02:01,31.191976,121.533711,4379,72.0,0.9885315202153548,988.5315202153548
5445,1,2018-12-10 12:00:00,2018-12-10 11:02:14,31.190952,121.543894,3466,57.0,0.9394444262151417,939.4444262151417
5446,1,2018-12-10 12:00:00,2018-12-10 11:02:18,31.179593,121.551877,3462,57.0,1.3829218072194975,1382.9218072194976
5447,1,2018-12-10 12:00:00,2018-12-10 11:05:28,31.197969,121.540275,3272,54.0,1.5625975378090877,1562.5975378090877
5448,1,2018-12-10 12:00:00,2018-12-10 11:06:23,31.185455,121.544876,3217,53.0,0.6482613553387262,648.2613553387262
5449,1,2018-12-10 12:30:00,2018-12-10 11:06:32,31.202162,121.538538,5008,83.0,2.0161878351515843,2016.1878351515843
5450,1,2018-12-10 12:00:00,2018-12-10 11:08:21,31.175524,121.537985,3099,51.0,0.9378392277601033,937.8392277601033
5451,1,2018-12-10 11:55:59,2018-12-10 11:13:02,31.184599,121.537995,2577,42.0,0.07452124191185804,74.52124191185804
5452,1,2018-12-10 12:15:00,2018-12-10 11:18:51,31.189949,121.526078,3369,56.0,1.3395346064424927,1339.5346064424928
5453,1,2018-12-10 12:15:00,2018-12-10 11:20:10,31.196684,121.54502,3290,54.0,1.5476501229030277,1547.6501229030277
5454,1,2018-12-10 12:15:00,2018-12-10 11:20:12,31.177435,121.548374,3288,54.0,1.2038792055352854,1203.8792055352853
5455,1,2018-12-10 12:15:00,2018-12-10 11:20:15,31.190812,121.544398,3285,54.0,0.9551824611285508,955.1824611285508
5456,1,2018-12-10 12:15:00,2018-12-10 11:20:15,31.1817,121.532155,3285,54.0,0.6375110670866998,637.5110670866998
5457,1,2018-12-10 12:15:00,2018-12-10 11:20:28,31.186023,121.546158,3272,54.0,0.7829794271587776,782.9794271587775
5458,1,2018-12-10 12:15:00,2018-12-10 11:20:28,31.185246,121.528938,3272,54.0,0.9029575862441892,902.9575862441892
5459,1,2018-12-10 12:15:00,2018-12-10 11:20:32,31.18999,121.53054,3268,54.0,0.9953412314056389,995.341231405639
5460,1,2018-12-10 12:15:00,2018-12-10 11:22:00,31.167913,121.537275,3180,53.0,1.7838766429376403,1783.8766429376403
5461,1,2018-12-10 12:15:00,2018-12-10 11:22:43,31.187712,121.530901,3137,52.0,0.8173973307296194,817.3973307296194
5462,1,2018-12-10 12:15:00,2018-12-10 11:24:10,31.19554,121.544515,3050,50.0,1.4122943410155953,1412.2943410155954
5463,1,2018-12-10 12:30:00,2018-12-10 11:25:37,31.174196,121.527687,3863,64.0,1.4829107541597297,1482.9107541597298
5464,1,2018-12-10 12:15:00,2018-12-10 11:25:54,31.19659,121.53986,2946,49.0,1.4062004909810317,1406.2004909810316
5465,1,2018-12-10 12:30:00,2018-12-10 11:26:36,31.182243,121.523613,3804,63.0,1.4127203223984486,1412.7203223984486
5466,1,2018-12-10 12:15:00,2018-12-10 11:27:17,31.193844,121.533911,2863,47.0,1.1709313078148746,1170.9313078148746
5467,1,2018-12-10 12:15:00,2018-12-10 11:27:36,31.17473,121.524603,2844,47.0,1.659849920680177,1659.8499206801769
5468,1,2018-12-10 12:45:00,2018-12-10 11:27:45,31.196541,121.542912,4635,77.0,1.4606900529594895,1460.6900529594895
5469,1,2018-12-10 12:15:00,2018-12-10 11:28:15,31.174628,121.539849,2805,46.0,1.0472370313595547,1047.2370313595547
5470,1,2018-12-10 12:15:00,2018-12-10 11:28:29,31.174965,121.547721,2791,46.0,1.3438658642401446,1343.8658642401447
5471,1,2018-12-10 12:15:00,2018-12-10 11:29:08,31.179422,121.552262,2752,45.0,1.4239531862937786,1423.9531862937786
5472,1,2018-12-10 12:15:00,2018-12-10 11:29:57,31.179795,121.548472,2703,45.0,1.0752392495948533,1075.2392495948534
5473,1,2018-12-10 12:30:00,2018-12-10 11:35:21,31.183294,121.542116,3279,54.0,0.37199674937838295,371.99674937838296
5474,1,2018-12-10 12:30:00,2018-12-10 11:35:28,31.187364,121.54305,3272,54.0,0.5884542697823585,588.4542697823584
5475,1,2018-12-10 12:30:00,2018-12-10 11:35:31,31.184612,121.556141,3269,54.0,1.7024842655045298,1702.4842655045297
5476,1,2018-12-10 12:45:00,2018-12-10 11:36:06,31.168084,121.54347,4134,68.0,1.8299978940074484,1829.9978940074484
5477,1,2018-12-10 12:30:00,2018-12-10 11:37:52,31.194126,121.542351,3128,52.0,1.189633975287754,1189.633975287754
5478,1,2018-12-10 12:30:00,2018-12-10 11:38:48,31.173256,121.552142,3072,51.0,1.7763811163822856,1776.3811163822857
5479,1,2018-12-10 13:30:00,2018-12-10 11:38:58,31.176876,121.537485,6662,111.0,0.791253404928936,791.253404928936
5480,1,2018-12-10 13:00:00,2018-12-10 11:40:23,31.186533,121.524228,4777,79.0,1.3704867371985396,1370.4867371985397
5481,1,2018-12-10 12:25:41,2018-12-10 11:42:44,31.197415,121.545962,2577,42.0,1.6593026810324738,1659.3026810324739
5482,1,2018-12-10 13:00:00,2018-12-10 11:45:16,31.181663,121.556364,4484,74.0,1.7413462592396773,1741.3462592396772
5483,1,2018-12-10 13:15:00,2018-12-10 11:45:37,31.183347,121.547044,5363,89.0,0.8368475498652774,836.8475498652774
5484,1,2018-12-10 12:45:00,2018-12-10 11:49:10,31.193184,121.532971,3350,55.0,1.1398547329109527,1139.8547329109526
5485,1,2018-12-10 12:45:00,2018-12-10 11:49:17,31.190137,121.538885,3343,55.0,0.6851174967317849,685.1174967317849
5486,1,2018-12-10 12:45:00,2018-12-10 11:49:31,31.19033,121.526957,3329,55.0,1.2899375413160372,1289.9375413160371
5487,1,2018-12-10 12:45:00,2018-12-10 11:50:53,31.170965,121.540553,3247,54.0,1.4587999157193978,1458.7999157193979
5488,1,2018-12-10 12:45:00,2018-12-10 11:51:54,31.18548,121.545924,3186,53.0,0.7459593682014827,745.9593682014827
5489,1,2018-12-10 12:45:00,2018-12-10 11:54:25,31.183077,121.524441,3035,50.0,1.324399962418762,1324.3999624187618
5490,1,2018-12-10 13:15:00,2018-12-10 11:55:44,31.186038,121.529625,4756,79.0,0.8574306851130766,857.4306851130766
5491,1,2018-12-10 12:45:00,2018-12-10 11:58:09,31.191918,121.532806,2811,46.0,1.0240418064791261,1024.041806479126
5492,1,2018-12-10 13:00:00,2018-12-10 12:01:26,31.186744,121.545114,3514,58.0,0.7186288592655863,718.6288592655862
5493,1,2018-12-10 13:00:00,2018-12-10 12:04:50,31.185542,121.556577,3310,55.0,1.7511868440887874,1751.1868440887874
5494,1,2018-12-10 13:00:00,2018-12-10 12:05:13,31.186113,121.546377,3287,54.0,0.8058565709599137,805.8565709599137
5495,1,2018-12-10 13:15:00,2018-12-10 12:07:32,31.18989,121.547215,4048,67.0,1.0734958306648712,1073.4958306648712
5496,1,2018-12-10 13:00:00,2018-12-10 12:08:02,31.184693,121.537443,3118,51.0,0.11348486599526399,113.48486599526399
5497,1,2018-12-10 13:00:00,2018-12-10 12:09:11,31.195753,121.539018,3049,50.0,1.3072860736023961,1307.286073602396
5498,1,2018-12-10 13:30:00,2018-12-10 12:09:56,31.189355,121.546551,4804,80.0,0.9871919426246349,987.191942624635
5499,1,2018-12-10 13:00:00,2018-12-10 12:10:18,31.186624,121.553012,2982,49.0,1.4331008092149324,1433.1008092149325
5500,1,2018-12-10 13:00:00,2018-12-10 12:10:51,31.176868,121.537706,2949,49.0,0.7903595827476377,790.3595827476378
5501,1,2018-12-10 13:30:00,2018-12-10 12:16:51,31.187698,121.517445,4389,73.0,2.0297738118075843,2029.7738118075843
5502,1,2018-12-10 13:15:00,2018-12-10 12:20:27,31.195359,121.53993,3273,54.0,1.271368477838853,1271.368477838853
5503,1,2018-12-10 13:15:00,2018-12-10 12:22:41,31.176969,121.538028,3139,52.0,0.7775794974929581,777.5794974929581
5504,1,2018-12-10 13:45:00,2018-12-10 12:23:22,31.183001,121.543747,4898,81.0,0.5308234158711632,530.8234158711632
5505,1,2018-12-10 13:45:00,2018-12-10 12:24:07,31.18682,121.532348,4853,80.0,0.6485674483357912,648.5674483357911
5506,1,2018-12-10 13:30:00,2018-12-10 12:25:16,31.198626,121.535828,3884,64.0,1.6409498235534363,1640.9498235534363
5507,1,2018-12-10 13:15:00,2018-12-10 12:26:19,31.185903,121.54258,2921,48.0,0.4607776917854353,460.7776917854353
5508,1,2018-12-10 13:15:00,2018-12-10 12:26:20,31.183272,121.525102,2920,48.0,1.2600516578400072,1260.0516578400072
5509,1,2018-12-10 13:15:00,2018-12-10 12:27:50,31.187022,121.51858,2830,47.0,1.9093147617770936,1909.3147617770935
5510,1,2018-12-10 13:45:00,2018-12-10 12:28:14,31.191533,121.537188,4606,76.0,0.8442137677354682,844.2137677354682
5511,1,2018-12-10 13:30:00,2018-12-10 12:33:09,31.194961,121.539065,3411,56.0,1.2198666535074434,1219.8666535074433
5512,1,2018-12-10 13:30:00,2018-12-10 12:34:16,31.16883,121.535323,3344,55.0,1.7032878493725707,1703.2878493725707
5513,1,2018-12-10 13:30:00,2018-12-10 12:34:56,31.196988,121.543805,3304,55.0,1.535017356377263,1535.017356377263
5514,1,2018-12-10 13:30:00,2018-12-10 12:36:39,31.178768,121.540669,3201,53.0,0.6204255424380518,620.4255424380518
5515,1,2018-12-10 13:30:00,2018-12-10 12:39:37,31.180306,121.554291,3023,50.0,1.5781596867156475,1578.1596867156475
5516,1,2018-12-10 13:30:00,2018-12-10 12:39:58,31.191882,121.544594,3002,50.0,1.0622107893208814,1062.2107893208815
5517,1,2018-12-10 13:30:00,2018-12-10 12:41:22,31.184348,121.52051,2918,48.0,1.6958128446031346,1695.8128446031346
5518,1,2018-12-10 13:30:00,2018-12-10 12:41:38,31.194513,121.539281,2902,48.0,1.1717597939941629,1171.759793994163
5519,1,2018-12-10 13:30:00,2018-12-10 12:42:24,31.173352,121.554831,2856,47.0,1.967921815854192,1967.9218158541921
5520,1,2018-12-10 13:30:00,2018-12-10 12:43:25,31.179257,121.556672,2795,46.0,1.8282467114733505,1828.2467114733504
5521,1,2018-12-10 13:30:00,2018-12-10 12:44:35,31.167496,121.541616,2725,45.0,1.8546675119401104,1854.6675119401104
5522,1,2018-12-10 13:45:00,2018-12-10 12:48:00,31.184633,121.533051,3420,57.0,0.5051455676420638,505.1455676420637
5523,1,2018-12-10 13:45:00,2018-12-10 12:48:18,31.198336,121.539945,3402,56.0,1.5996005986676443,1599.6005986676444
5524,1,2018-12-10 14:15:00,2018-12-10 12:49:52,31.192418,121.551605,5108,85.0,1.5763650723395255,1576.3650723395256
5525,1,2018-12-10 14:30:00,2018-12-10 12:50:10,31.192832,121.550885,5990,99.0,1.55032718706353,1550.3271870635301
5526,1,2018-12-10 14:15:00,2018-12-10 12:52:47,31.187548,121.534409,4933,82.0,0.5420917643069907,542.0917643069907
5527,1,2018-12-10 14:15:00,2018-12-10 12:53:05,31.199018,121.540498,4915,81.0,1.6806333242109286,1680.6333242109285
5528,1,2018-12-10 13:45:00,2018-12-10 12:54:32,31.187451,121.55125,3028,50.0,1.2934351038522698,1293.4351038522698
5529,1,2018-12-10 13:45:00,2018-12-10 12:55:35,31.193154,121.542559,2965,49.0,1.0954764808916988,1095.4764808916989
5530,1,2018-12-10 13:45:00,2018-12-10 12:58:40,31.198185,121.53905,2780,46.0,1.5767545897351598,1576.7545897351597
5531,1,2018-12-10 13:45:00,2018-12-10 12:58:40,31.195779,121.547035,2780,46.0,1.5510255271886615,1551.0255271886615
5532,1,2018-12-10 14:00:00,2018-12-10 13:05:49,31.190609,121.545228,3251,54.0,0.9884688248243497,988.4688248243497
5533,1,2018-12-10 14:00:00,2018-12-10 13:07:18,31.19448,121.538337,3162,52.0,1.1643366122614731,1164.3366122614732
5534,1,2018-12-10 14:00:00,2018-12-10 13:10:12,31.184336,121.529538,2988,49.0,0.8357074605638277,835.7074605638277
5535,1,2018-12-10 14:15:00,2018-12-10 13:11:02,31.195073,121.529465,3838,63.0,1.490473802526018,1490.473802526018
5536,1,2018-12-10 14:00:00,2018-12-10 13:11:29,31.185058,121.530109,2911,48.0,0.7894615089493772,789.4615089493772
5537,1,2018-12-10 14:30:00,2018-12-10 13:11:39,31.192241,121.528679,4701,78.0,1.295910873154134,1295.910873154134
5538,1,2018-12-10 14:30:00,2018-12-10 13:13:25,31.178935,121.547375,4595,76.0,1.030413764925142,1030.413764925142
5539,1,2018-12-10 13:49:51,2018-12-10 13:18:56,31.186865,121.530086,1855,30.0,0.8454353493502895,845.4353493502895
5540,1,2018-12-10 14:15:00,2018-12-10 13:23:41,31.18786,121.530093,3079,51.0,0.8924640500005457,892.4640500005457
5541,1,2018-12-10 14:15:00,2018-12-10 13:24:25,31.182136,121.533486,3035,50.0,0.501902382218776,501.90238221877604
5542,1,2018-12-10 14:15:00,2018-12-10 13:24:48,31.195692,121.532112,3012,50.0,1.4261864028039293,1426.1864028039292
5543,1,2018-12-10 14:15:00,2018-12-10 13:26:18,31.186251,121.522308,2922,48.0,1.5446053357817662,1544.6053357817661
5544,1,2018-12-10 14:15:00,2018-12-10 13:27:57,31.192164,121.535692,2823,47.0,0.9408643360569472,940.8643360569472
5545,1,2018-12-10 14:15:00,2018-12-10 13:28:03,31.185713,121.548043,2817,46.0,0.9488203580252541,948.8203580252541
5546,1,2018-12-10 14:30:00,2018-12-10 13:28:43,31.195728,121.543583,3677,61.0,1.3967879262176428,1396.7879262176427
5547,1,2018-12-10 14:45:00,2018-12-10 13:28:43,31.191313,121.539578,4577,76.0,0.8223326001773442,822.3326001773443
5548,1,2018-12-10 14:45:00,2018-12-10 13:31:09,31.182939,121.528512,4431,73.0,0.939667099665545,939.6670996655449
5549,1,2018-12-10 14:30:00,2018-12-10 13:33:38,31.182553,121.536117,3382,56.0,0.26096153468203986,260.9615346820399
5550,1,2018-12-10 14:30:00,2018-12-10 13:34:09,31.201414,121.538457,3351,55.0,1.9331836753288671,1933.1836753288671
5551,1,2018-12-10 14:30:00,2018-12-10 13:35:16,31.175102,121.537167,3284,54.0,0.9900219989936883,990.0219989936883
5552,1,2018-12-10 14:30:00,2018-12-10 13:38:09,31.199322,121.539133,3111,51.0,1.7030480284829772,1703.0480284829773
5553,1,2018-12-10 14:30:00,2018-12-10 13:43:04,31.172679,121.551387,2816,46.0,1.768311557447208,1768.3115574472079
5554,1,2018-12-10 15:00:00,2018-12-10 13:43:30,31.177307,121.554608,4590,76.0,1.7219360629972673,1721.9360629972673
5555,1,2018-12-10 14:45:00,2018-12-10 13:50:15,31.19339,121.546011,3285,54.0,1.2765863785449394,1276.5863785449394
5556,1,2018-12-10 15:30:00,2018-12-10 13:50:59,31.183232,121.550003,5941,99.0,1.119033123561852,1119.033123561852
5557,1,2018-12-10 14:45:00,2018-12-10 13:51:09,31.188693,121.531395,3231,53.0,0.8401486451601882,840.1486451601882
5558,1,2018-12-10 15:15:00,2018-12-10 13:51:33,31.194983,121.540301,5007,83.0,1.2349822828713097,1234.9822828713097
5559,1,2018-12-10 14:45:00,2018-12-10 13:54:57,31.194639,121.538987,3003,50.0,1.1837949468616973,1183.7949468616973
5560,1,2018-12-10 15:45:00,2018-12-10 13:55:20,31.180392,121.54939,6580,109.0,1.1298398147148208,1129.8398147148207
5561,1,2018-12-10 14:45:00,2018-12-10 13:57:21,31.196401,121.543591,2859,47.0,1.4668877717951896,1466.8877717951896
5562,1,2018-12-10 14:34:17,2018-12-10 14:03:19,31.195979,121.54017,1858,30.0,1.3424705915979362,1342.4705915979362
5563,1,2018-12-10 15:00:00,2018-12-10 14:05:07,31.179209,121.557607,3293,54.0,1.9152749572282697,1915.2749572282696
5564,1,2018-12-10 15:30:00,2018-12-10 14:08:30,31.182673,121.522995,4890,81.0,1.4656249355037982,1465.6249355037983
5565,1,2018-12-10 15:00:00,2018-12-10 14:09:25,31.167914,121.536334,3035,50.0,1.7908995070471068,1790.8995070471067
5566,1,2018-12-10 15:00:00,2018-12-10 14:12:37,31.197778,121.539015,2843,47.0,1.5315246760989345,1531.5246760989346
5567,1,2018-12-10 15:30:00,2018-12-10 14:15:53,31.189466,121.520254,4447,74.0,1.824128510314569,1824.128510314569
5568,1,2018-12-10 14:47:53,2018-12-10 14:16:57,31.173749,121.525699,1856,30.0,1.6517225144583882,1651.7225144583883
5569,1,2018-12-10 15:30:00,2018-12-10 14:19:30,31.182766,121.51832,4230,70.0,1.9088248101987009,1908.8248101987008
5570,1,2018-12-10 15:15:00,2018-12-10 14:20:07,31.186541,121.53137,3293,54.0,0.718675348117092,718.675348117092
5571,1,2018-12-10 15:15:00,2018-12-10 14:20:13,31.187086,121.554923,3287,54.0,1.6219306133827314,1621.9306133827313
5572,1,2018-12-10 15:15:00,2018-12-10 14:20:14,31.182374,121.534761,3286,54.0,0.38099466724875,380.99466724875
5573,1,2018-12-10 15:15:00,2018-12-10 14:20:55,31.189962,121.526136,3245,54.0,1.3354465708681198,1335.4465708681198
5574,1,2018-12-10 15:15:00,2018-12-10 14:20:59,31.195022,121.538381,3241,54.0,1.2244500800934448,1224.4500800934447
5575,1,2018-12-10 15:45:00,2018-12-10 14:21:10,31.1693,121.535202,5030,83.0,1.6539442538919116,1653.9442538919116
5576,1,2018-12-10 15:15:00,2018-12-10 14:23:02,31.19065,121.533213,3118,51.0,0.884210338365545,884.210338365545
5577,1,2018-12-10 15:15:00,2018-12-10 14:23:36,31.182134,121.528493,3084,51.0,0.9565050692302263,956.5050692302262
5578,1,2018-12-10 15:15:00,2018-12-10 14:23:39,31.196783,121.544433,3081,51.0,1.5354725301284655,1535.4725301284655
5579,1,2018-12-10 15:30:00,2018-12-10 14:25:28,31.18337,121.549517,3872,64.0,1.0717669897825102,1071.76698978251
5580,1,2018-12-10 15:15:00,2018-12-10 14:25:39,31.189349,121.529974,2961,49.0,0.9918142752228521,991.8142752228522
5581,1,2018-12-10 15:30:00,2018-12-10 14:26:43,31.182635,121.550439,3797,63.0,1.1670765804883187,1167.0765804883188
5582,1,2018-12-10 16:00:00,2018-12-10 14:29:50,31.175024,121.524695,5410,90.0,1.6329400328958135,1632.9400328958134
5583,1,2018-12-10 17:30:00,2018-12-10 14:29:54,31.170106,121.539246,10806,180.0,1.5407455034633681,1540.745503463368
5584,1,2018-12-10 16:30:00,2018-12-10 14:30:09,31.19416,121.534593,7191,119.0,1.1827280173997756,1182.7280173997756
5585,1,2018-12-10 15:01:12,2018-12-10 14:30:14,31.181802,121.529872,1858,30.0,0.8384189384151375,838.4189384151375
5586,1,2018-12-10 18:15:00,2018-12-10 14:30:41,31.167053,121.542728,13459,224.0,1.9235560769323605,1923.5560769323606
5587,1,2018-12-10 15:45:00,2018-12-10 14:31:59,31.172789,121.53696,4381,73.0,1.2471231250963726,1247.1231250963726
5588,1,2018-12-10 15:15:00,2018-12-10 14:32:54,31.194864,121.539397,2526,42.0,1.2114629960073195,1211.4629960073196
5589,1,2018-12-10 15:30:00,2018-12-10 14:35:12,31.181749,121.521766,3288,54.0,1.594889598188238,1594.889598188238
5590,1,2018-12-10 15:45:00,2018-12-10 14:35:12,31.183045,121.545287,4188,69.0,0.6744249641977074,674.4249641977074
5591,1,2018-12-10 15:30:00,2018-12-10 14:36:02,31.195341,121.544652,3238,53.0,1.3979092994914575,1397.9092994914574
5592,1,2018-12-10 16:00:00,2018-12-10 14:36:09,31.197039,121.538945,5031,83.0,1.4493761663344358,1449.3761663344358
5593,1,2018-12-10 16:00:00,2018-12-10 14:37:10,31.181775,121.532404,4970,82.0,0.612426279910332,612.426279910332
5594,1,2018-12-10 16:00:00,2018-12-10 14:37:17,31.182857,121.543782,4963,82.0,0.5375573350199325,537.5573350199326
5595,1,2018-12-10 15:30:00,2018-12-10 14:42:44,31.198845,121.538691,2836,47.0,1.6487208848897381,1648.720884889738
5596,1,2018-12-10 16:00:00,2018-12-10 14:42:51,31.173899,121.543401,4629,77.0,1.2189161997196056,1218.9161997196056
5597,1,2018-12-10 18:45:00,2018-12-10 14:43:04,31.177344,121.54897,14516,241.0,1.255570724658581,1255.570724658581
5598,1,2018-12-10 16:45:00,2018-12-10 14:43:11,31.192451,121.523121,7309,121.0,1.7246493353427435,1724.6493353427434
5599,1,2018-12-10 19:30:00,2018-12-10 14:43:22,31.183817,121.54717,17198,286.0,0.8461112201338291,846.1112201338291
5600,1,2018-12-10 15:20:59,2018-12-10 14:50:01,31.185032,121.54322,1858,30.0,0.4837170864598247,483.7170864598247
5601,1,2018-12-10 15:45:00,2018-12-10 14:50:34,31.182229,121.530271,3266,54.0,0.789117050265354,789.1170502653539
5602,1,2018-12-10 15:45:00,2018-12-10 14:54:34,31.185363,121.545381,3026,50.0,0.6926124530772029,692.6124530772029
5603,1,2018-12-10 15:28:08,2018-12-10 14:57:13,31.178886,121.533685,1855,30.0,0.7155016658783042,715.5016658783043
5604,1,2018-12-10 15:45:00,2018-12-10 14:58:39,31.183512,121.526458,2781,46.0,1.1295429706967341,1129.542970696734
5605,1,2018-12-10 16:15:00,2018-12-10 14:59:13,31.182858,121.54151,4547,75.0,0.33063639484574403,330.636394845744
5606,1,2018-12-10 16:15:00,2018-12-10 15:00:07,31.189098,121.540926,4493,74.0,0.6205251610342427,620.5251610342427
5607,1,2018-12-10 16:15:00,2018-12-10 15:01:00,31.185142,121.540346,4440,74.0,0.23418599433649914,234.18599433649914
5608,1,2018-12-10 16:00:00,2018-12-10 15:04:51,31.174409,121.543367,3309,55.0,1.165944276694622,1165.944276694622
5609,1,2018-12-10 16:00:00,2018-12-10 15:05:07,31.189872,121.526411,3293,54.0,1.3077480730552686,1307.7480730552686
5610,1,2018-12-10 16:00:00,2018-12-10 15:05:11,31.195739,121.539111,3289,54.0,1.3062335075816234,1306.2335075816234
5611,1,2018-12-10 16:00:00,2018-12-10 15:05:11,31.186442,121.518658,3289,54.0,1.891653142237197,1891.653142237197
5612,1,2018-12-10 18:15:00,2018-12-10 15:06:19,31.174965,121.525298,11321,188.0,1.5917869445739645,1591.7869445739645
5613,1,2018-12-10 20:00:00,2018-12-10 15:07:07,31.196007,121.54399,17573,292.0,1.439851740029522,1439.851740029522
5614,1,2018-12-10 16:30:00,2018-12-10 15:08:06,31.186648,121.552624,4914,81.0,1.397481401177719,1397.481401177719
5615,1,2018-12-10 16:00:00,2018-12-10 15:08:24,31.185899,121.545838,3096,51.0,0.7498161873165794,749.8161873165794
5616,1,2018-12-10 16:00:00,2018-12-10 15:08:46,31.174779,121.542015,3074,51.0,1.0798410877597968,1079.841087759797
5617,1,2018-12-10 16:00:00,2018-12-10 15:08:58,31.187578,121.531888,3062,51.0,0.7295822087610127,729.5822087610127
5618,1,2018-12-10 16:00:00,2018-12-10 15:10:24,31.183014,121.539561,2976,49.0,0.16120392083646415,161.20392083646414
5619,1,2018-12-10 18:00:00,2018-12-10 15:11:46,31.20059,121.535092,10094,168.0,1.8669009412055173,1866.9009412055173
5620,1,2018-12-10 16:00:00,2018-12-10 15:14:34,31.166859,121.541595,2726,45.0,1.9239666063417649,1923.9666063417649
5621,1,2018-12-10 16:00:00,2018-12-10 15:15:11,31.179481,121.54933,2689,44.0,1.164050867031154,1164.050867031154
5622,1,2018-12-10 16:15:00,2018-12-10 15:20:08,31.17609,121.555225,3292,54.0,1.8355619303500976,1835.5619303500976
5623,1,2018-12-10 16:15:00,2018-12-10 15:21:22,31.191985,121.550851,3218,53.0,1.4900383028582984,1490.0383028582985
5624,1,2018-12-10 16:15:00,2018-12-10 15:24:10,31.186239,121.524446,3050,50.0,1.3437048052687468,1343.704805268747
5625,1,2018-12-10 16:30:00,2018-12-10 15:25:46,31.189557,121.530609,3854,64.0,0.958819740482085,958.819740482085
5626,1,2018-12-10 16:45:00,2018-12-10 15:25:52,31.188835,121.530706,4748,79.0,0.9018105254588177,901.8105254588177
5627,1,2018-12-10 16:15:00,2018-12-10 15:26:01,31.188933,121.524691,2939,48.0,1.408303525418161,1408.3035254181611
5628,1,2018-12-10 16:15:00,2018-12-10 15:26:14,31.187189,121.523395,2926,48.0,1.4642237400404794,1464.2237400404795
5629,1,2018-12-10 16:15:00,2018-12-10 15:26:53,31.195053,121.539987,2887,48.0,1.2383996746277095,1238.3996746277096
5630,1,2018-12-10 16:15:00,2018-12-10 15:27:15,31.174825,121.551468,2865,47.0,1.614518041252937,1614.5180412529369
5631,1,2018-12-10 16:45:00,2018-12-10 15:27:26,31.1819,121.518659,4654,77.0,1.8859125255623086,1885.9125255623087
5632,1,2018-12-10 16:15:00,2018-12-10 15:27:40,31.188402,121.530456,2840,47.0,0.8938202519548191,893.820251954819
5633,1,2018-12-10 16:15:00,2018-12-10 15:29:47,31.193603,121.550377,2713,45.0,1.56995866288336,1569.95866288336
5634,1,2018-12-10 16:15:00,2018-12-10 15:29:51,31.192174,121.525401,2709,45.0,1.528475362159579,1528.475362159579
5635,1,2018-12-10 16:05:25,2018-12-10 15:34:27,31.165283,121.53335,1858,30.0,2.125755306960094,2125.755306960094
5636,1,2018-12-10 17:00:00,2018-12-10 15:34:29,31.174882,121.548905,5131,85.0,1.4282880942596867,1428.2880942596867
5637,1,2018-12-10 16:30:00,2018-12-10 15:35:23,31.165904,121.541578,3277,54.0,2.0282485707244002,2028.2485707244002
5638,1,2018-12-10 16:30:00,2018-12-10 15:35:38,31.184728,121.529872,3262,54.0,0.807217055718072,807.2170557180721
5639,1,2018-12-10 16:30:00,2018-12-10 15:35:39,31.197248,121.543894,3261,54.0,1.5650078868712616,1565.0078868712617
5640,1,2018-12-10 16:30:00,2018-12-10 15:35:54,31.1834,121.517636,3246,54.0,1.9703223220338,1970.3223220338
5641,1,2018-12-10 17:00:00,2018-12-10 15:36:35,31.191958,121.521989,5005,83.0,1.7884314128340302,1788.4314128340302
5642,1,2018-12-10 16:30:00,2018-12-10 15:37:37,31.191213,121.544558,3143,52.0,0.999846589825828,999.846589825828
5643,1,2018-12-10 16:30:00,2018-12-10 15:38:06,31.174778,121.524356,3114,51.0,1.6751817293486426,1675.1817293486426
5644,1,2018-12-10 16:30:00,2018-12-10 15:38:46,31.181042,121.555164,3074,51.0,1.640567809048044,1640.567809048044
5645,1,2018-12-10 16:30:00,2018-12-10 15:39:29,31.185289,121.530438,3031,50.0,0.7629385446771492,762.9385446771491
5646,1,2018-12-10 16:30:00,2018-12-10 15:40:40,31.18622,121.54494,2960,49.0,0.6803629197080824,680.3629197080824
5647,1,2018-12-10 16:30:00,2018-12-10 15:41:16,31.191047,121.517663,2924,48.0,2.1170278004419907,2117.0278004419906
5648,1,2018-12-10 16:30:00,2018-12-10 15:41:20,31.191501,121.543523,2920,48.0,0.9715416872418751,971.541687241875
5649,1,2018-12-10 16:45:00,2018-12-10 15:41:39,31.187487,121.530022,3801,63.0,0.8793396559826628,879.3396559826629
5650,1,2018-12-10 16:30:00,2018-12-10 15:43:17,31.17452,121.525535,2803,46.0,1.6060408595770725,1606.0408595770725
5651,1,2018-12-10 17:00:00,2018-12-10 15:44:33,31.185974,121.529817,4527,75.0,0.8379031439521921,837.9031439521921
5652,1,2018-12-10 16:30:00,2018-12-10 15:44:56,31.196791,121.539454,2704,45.0,1.4248421221147354,1424.8421221147353
5653,1,2018-12-10 17:15:00,2018-12-10 15:49:06,31.200256,121.535716,5154,85.0,1.8214011366699914,1821.4011366699913
5654,1,2018-12-10 17:15:00,2018-12-10 15:49:46,31.185671,121.530076,5114,85.0,0.8056381749202634,805.6381749202634
5655,1,2018-12-10 16:45:00,2018-12-10 15:49:47,31.170485,121.539744,3313,55.0,1.5024170099750371,1502.4170099750372
5656,1,2018-12-10 16:22:00,2018-12-10 15:51:04,31.193478,121.526758,1856,30.0,1.5227128317691199,1522.71283176912
5657,1,2018-12-10 16:45:00,2018-12-10 15:51:13,31.191136,121.534054,3227,53.0,0.8906193609489963,890.6193609489962
5658,1,2018-12-10 16:45:00,2018-12-10 15:56:11,31.184238,121.537104,2929,48.0,0.11716175391829277,117.16175391829277
5659,1,2018-12-10 17:15:00,2018-12-10 15:57:32,31.18948,121.53057,4648,77.0,0.9561950732116076,956.1950732116076
5660,1,2018-12-10 17:15:00,2018-12-10 15:57:36,31.182556,121.518433,4644,77.0,1.899873528899254,1899.873528899254
5661,1,2018-12-10 16:45:00,2018-12-10 15:58:03,31.195149,121.525468,2817,46.0,1.740335224642754,1740.335224642754
5662,1,2018-12-10 16:30:24,2018-12-10 15:59:25,31.181442,121.521982,1859,30.0,1.580255875713079,1580.255875713079
5663,1,2018-12-10 16:45:00,2018-12-10 16:00:06,31.188488,121.536064,2694,44.0,0.5433439480059767,543.3439480059767
5664,1,2018-12-10 17:15:00,2018-12-10 16:01:09,31.187842,121.546291,4431,73.0,0.8742508409646679,874.2508409646679
5665,1,2018-12-10 17:00:00,2018-12-10 16:01:59,31.196135,121.543363,3481,58.0,1.4317558527720664,1431.7558527720664
5666,1,2018-12-10 17:00:00,2018-12-10 16:04:05,31.190177,121.521683,3355,55.0,1.726165257864483,1726.165257864483
5667,1,2018-12-10 17:30:00,2018-12-10 16:04:34,31.186636,121.556371,5126,85.0,1.7479524105660518,1747.9524105660519
5668,1,2018-12-10 17:00:00,2018-12-10 16:04:56,31.189886,121.528057,3304,55.0,1.1753277126333688,1175.3277126333687
5669,1,2018-12-10 17:00:00,2018-12-10 16:05:34,31.176108,121.548976,3266,54.0,1.340903302530751,1340.903302530751
5670,1,2018-12-10 17:00:00,2018-12-10 16:06:55,31.183605,121.53879,3185,53.0,0.06274289486485295,62.74289486485295
5671,1,2018-12-10 17:00:00,2018-12-10 16:12:02,31.169663,121.544606,2878,47.0,1.697371299477419,1697.3712994774191
5672,1,2018-12-10 17:30:00,2018-12-10 16:12:58,31.182889,121.549767,4622,77.0,1.1001262859076786,1100.1262859076785
5673,1,2018-12-10 17:00:00,2018-12-10 16:13:27,31.180195,121.552809,2793,46.0,1.4456595044274516,1445.6595044274516
5674,1,2018-12-10 17:30:00,2018-12-10 16:14:04,31.183469,121.54453,4556,75.0,0.596955513616519,596.9555136165189
5675,1,2018-12-10 17:30:00,2018-12-10 16:14:25,31.174859,121.541306,4535,75.0,1.0510389618039981,1051.038961803998
5676,1,2018-12-10 17:30:00,2018-12-10 16:16:19,31.19175,121.521188,4421,73.0,1.8442834562545791,1844.283456254579
5677,1,2018-12-10 18:00:00,2018-12-10 16:16:22,31.181639,121.521386,6218,103.0,1.6325779226472232,1632.5779226472232
5678,1,2018-12-10 17:15:00,2018-12-10 16:19:44,31.182448,121.534823,3316,55.0,0.3719646941063446,371.9646941063446
5679,1,2018-12-10 17:15:00,2018-12-10 16:20:51,31.189282,121.542715,3249,54.0,0.723337327630225,723.337327630225
5680,1,2018-12-10 17:15:00,2018-12-10 16:21:18,31.175845,121.524336,3222,53.0,1.6074594352979683,1607.4594352979684
5681,1,2018-12-10 17:15:00,2018-12-10 16:21:23,31.193605,121.534189,3217,53.0,1.1368238002567956,1136.8238002567957
5682,1,2018-12-10 17:15:00,2018-12-10 16:22:34,31.184463,121.522892,3146,52.0,1.4692465837645652,1469.2465837645652
5683,1,2018-12-10 17:15:00,2018-12-10 16:24:38,31.195435,121.530688,3022,50.0,1.4626077522375083,1462.6077522375083
5684,1,2018-12-10 17:15:00,2018-12-10 16:25:53,31.183421,121.537019,2947,49.0,0.13647681001106612,136.47681001106614
5685,1,2018-12-10 17:15:00,2018-12-10 16:26:52,31.199668,121.533978,2888,48.0,1.7875501397143827,1787.5501397143828
5686,1,2018-12-10 17:30:00,2018-12-10 16:27:39,31.191934,121.522921,3741,62.0,1.7104180043563904,1710.4180043563904
5687,1,2018-12-10 17:45:00,2018-12-10 16:28:07,31.184932,121.548716,4613,76.0,0.9988913985567198,998.8913985567199
5688,1,2018-12-10 17:30:00,2018-12-10 16:28:54,31.186553,121.555805,3666,61.0,1.6932233239094416,1693.2233239094417
5689,1,2018-12-10 17:15:00,2018-12-10 16:29:00,31.174342,121.542264,2760,46.0,1.133418688064424,1133.4186880644238
5690,1,2018-12-10 17:45:00,2018-12-10 16:29:07,31.175941,121.538487,4553,75.0,0.8913251704948483,891.3251704948483
5691,1,2018-12-10 17:45:00,2018-12-10 16:29:13,31.192596,121.535189,4547,75.0,1.0002754991109564,1000.2754991109564
5692,1,2018-12-10 17:15:00,2018-12-10 16:29:25,31.182908,121.538485,2735,45.0,0.12005580390578385,120.05580390578385
5693,1,2018-12-10 17:45:00,2018-12-10 16:30:22,31.198075,121.537279,4478,74.0,1.565917892766351,1565.917892766351
5694,1,2018-12-10 17:45:00,2018-12-10 16:30:39,31.196295,121.532029,4461,74.0,1.4904753105203108,1490.4753105203108
5695,1,2018-12-10 17:15:00,2018-12-10 16:31:02,31.180567,121.521233,2638,43.0,1.6698363899260127,1669.8363899260128
5696,1,2018-12-10 17:30:00,2018-12-10 16:32:37,31.173862,121.543193,3443,57.0,1.2149222306070282,1214.9222306070283
5697,1,2018-12-10 17:45:00,2018-12-10 16:32:42,31.196751,121.539919,4338,72.0,1.424551497722157,1424.551497722157
5698,1,2018-12-10 17:30:00,2018-12-10 16:33:35,31.196017,121.537036,3385,56.0,1.340129214036171,1340.1292140361709
5699,1,2018-12-10 17:30:00,2018-12-10 16:35:20,31.1995,121.538953,3280,54.0,1.7220523009954194,1722.0523009954195
5700,1,2018-12-10 17:30:00,2018-12-10 16:36:10,31.190772,121.543839,3230,53.0,0.9200687957536272,920.0687957536272
5701,1,2018-12-10 17:30:00,2018-12-10 16:36:18,31.192539,121.519483,3222,53.0,2.0288349985206384,2028.8349985206385
5702,1,2018-12-10 17:06:15,2018-12-10 16:36:19,31.181126,121.538582,1796,29.0,0.31744103167855786,317.44103167855786
5703,1,2018-12-10 18:00:00,2018-12-10 16:36:36,31.190648,121.545178,5004,83.0,0.9885195958800521,988.5195958800521
5704,1,2018-12-10 18:00:00,2018-12-10 16:37:26,31.183754,121.522961,4954,82.0,1.4619045261238812,1461.9045261238812
5705,1,2018-12-10 18:00:00,2018-12-10 16:37:28,31.173601,121.536646,4952,82.0,1.1612743791560503,1161.2743791560501
5706,1,2018-12-10 18:00:00,2018-12-10 16:37:30,31.187448,121.53175,4950,82.0,0.7329630048894771,732.9630048894771
5707,1,2018-12-10 17:30:00,2018-12-10 16:38:25,31.196998,121.5443,3095,51.0,1.552821872900122,1552.821872900122
5708,1,2018-12-10 18:00:00,2018-12-10 16:39:01,31.191393,121.53352,4859,80.0,0.9396728918054328,939.6728918054328
5709,1,2018-12-10 17:30:00,2018-12-10 16:41:15,31.185921,121.529036,2925,48.0,0.9085072027616727,908.5072027616727
5710,1,2018-12-10 17:30:00,2018-12-10 16:41:25,31.202211,121.541915,2915,48.0,2.0507132579178093,2050.713257917809
5711,1,2018-12-10 17:30:00,2018-12-10 16:43:57,31.197368,121.543133,2763,46.0,1.5544857852460479,1554.485785246048
5712,1,2018-12-10 17:30:00,2018-12-10 16:44:31,31.184138,121.529145,2729,45.0,0.8724079681701234,872.4079681701235
5713,1,2018-12-10 17:30:00,2018-12-10 16:44:41,31.195713,121.535865,2719,45.0,1.321499967475274,1321.4999674752742
5714,1,2018-12-10 17:30:00,2018-12-10 16:44:47,31.190523,121.543945,2713,45.0,0.9035930872526313,903.5930872526313
5715,1,2018-12-10 18:00:00,2018-12-10 16:47:40,31.19024,121.524753,4340,72.0,1.465676407867493,1465.676407867493
5716,1,2018-12-10 18:00:00,2018-12-10 16:47:48,31.192083,121.534188,4332,72.0,0.980155953862603,980.155953862603
5717,1,2018-12-10 18:00:00,2018-12-10 16:47:55,31.195201,121.523034,4325,72.0,1.9142107489493791,1914.2107489493792
5718,1,2018-12-10 18:30:00,2018-12-10 16:48:22,31.174428,121.551537,6098,101.0,1.647578812658537,1647.578812658537
5719,1,2018-12-10 18:15:00,2018-12-10 16:49:42,31.188154,121.546803,5118,85.0,0.9337632844034753,933.7632844034754
5720,1,2018-12-10 18:00:00,2018-12-10 16:49:48,31.193503,121.525459,4212,70.0,1.6162148509941232,1616.2148509941233
5721,1,2018-12-10 17:45:00,2018-12-10 16:50:27,31.195098,121.540927,3273,54.0,1.2581051472734561,1258.1051472734562
5722,1,2018-12-10 17:45:00,2018-12-10 16:50:37,31.198644,121.536919,3263,54.0,1.631288893241472,1631.288893241472
5723,1,2018-12-10 17:45:00,2018-12-10 16:50:45,31.198325,121.540137,3255,54.0,1.6002905568659491,1600.2905568659492
5724,1,2018-12-10 17:45:00,2018-12-10 16:52:38,31.178888,121.544803,3142,52.0,0.838649844671807,838.649844671807
5725,1,2018-12-10 17:45:00,2018-12-10 16:54:00,31.197352,121.535068,3060,51.0,1.5143317094035302,1514.3317094035303
5726,1,2018-12-10 17:45:00,2018-12-10 16:54:41,31.18371,121.536493,3019,50.0,0.17437518353648035,174.37518353648034
5727,1,2018-12-10 17:45:00,2018-12-10 16:54:45,31.185634,121.523093,3015,50.0,1.4606743800262452,1460.6743800262452
5728,1,2018-12-10 17:45:00,2018-12-10 16:55:41,31.181575,121.556788,2959,49.0,1.7827640255107275,1782.7640255107276
5729,1,2018-12-10 17:45:00,2018-12-10 16:57:39,31.187813,121.532219,2841,47.0,0.7184851955432564,718.4851955432564
5730,1,2018-12-10 17:45:00,2018-12-10 16:59:30,31.185416,121.53068,2730,45.0,0.743197792480333,743.197792480333
5731,1,2018-12-10 18:15:00,2018-12-10 17:01:32,31.189373,121.547674,4408,73.0,1.075569816391423,1075.5698163914228
5732,1,2018-12-10 18:15:00,2018-12-10 17:03:14,31.191408,121.528128,4306,71.0,1.2719067127229642,1271.9067127229641
5733,1,2018-12-10 18:00:00,2018-12-10 17:03:40,31.186765,121.546374,3380,56.0,0.829699615851687,829.699615851687
5734,1,2018-12-10 18:00:00,2018-12-10 17:05:08,31.191293,121.53879,3292,54.0,0.8123468913829321,812.3468913829322
5735,1,2018-12-10 18:00:00,2018-12-10 17:05:21,31.193127,121.53419,3279,54.0,1.087186133803251,1087.1861338032509
5736,1,2018-12-10 18:00:00,2018-12-10 17:05:34,31.185342,121.529871,3266,54.0,0.8171270872234818,817.1270872234818
5737,1,2018-12-10 18:00:00,2018-12-10 17:05:38,31.185818,121.533549,3262,54.0,0.49627834507917246,496.2783450791725
5738,1,2018-12-10 18:00:00,2018-12-10 17:05:56,31.187142,121.54651,3244,54.0,0.8579662385273437,857.9662385273436
5739,1,2018-12-10 18:00:00,2018-12-10 17:07:19,31.195599,121.546221,3161,52.0,1.4935256183276409,1493.5256183276408
5740,1,2018-12-10 18:00:00,2018-12-10 17:07:24,31.184169,121.549145,3156,52.0,1.0343934537712602,1034.3934537712603
5741,1,2018-12-10 18:00:00,2018-12-10 17:08:33,31.176642,121.538611,3087,51.0,0.813972391077507,813.9723910775069
5742,1,2018-12-10 18:15:00,2018-12-10 17:11:16,31.172885,121.537019,3824,63.0,1.2359690604731641,1235.969060473164
5743,1,2018-12-10 18:30:00,2018-12-10 17:11:16,31.19103,121.544102,4724,78.0,0.9578913259737576,957.8913259737576
5744,1,2018-12-10 18:00:00,2018-12-10 17:11:55,31.165184,121.533191,2885,48.0,2.1398556253980314,2139.8556253980314
5745,1,2018-12-10 18:15:00,2018-12-10 17:12:02,31.168685,121.542785,3778,62.0,1.7488050788717984,1748.8050788717983
5746,1,2018-12-10 18:00:00,2018-12-10 17:12:19,31.199179,121.539358,2861,47.0,1.6883613085985365,1688.3613085985364
5747,1,2018-12-10 18:15:00,2018-12-10 17:13:02,31.191902,121.534566,3718,61.0,0.9476971568428814,947.6971568428813
5748,1,2018-12-10 18:00:00,2018-12-10 17:13:34,31.184515,121.522226,2786,46.0,1.5329016063294352,1532.9016063294353
5749,1,2018-12-10 18:30:00,2018-12-10 17:13:54,31.195508,121.54537,4566,76.0,1.4452523148721585,1445.2523148721586
5750,1,2018-12-10 18:00:00,2018-12-10 17:14:13,31.185059,121.543337,2747,45.0,0.4952623287174258,495.2623287174258
5751,1,2018-12-10 18:00:00,2018-12-10 17:14:35,31.19087,121.543679,2725,45.0,0.920395805391472,920.395805391472
5752,1,2018-12-10 18:15:00,2018-12-10 17:14:49,31.192589,121.528012,3611,60.0,1.3682662974446962,1368.2662974446962
5753,1,2018-12-10 18:30:00,2018-12-10 17:17:21,31.184239,121.521708,4359,72.0,1.581388972713736,1581.388972713736
5754,1,2018-12-10 18:30:00,2018-12-10 17:17:35,31.187951,121.554327,4345,72.0,1.5903050777261862,1590.3050777261863
5755,1,2018-12-10 18:30:00,2018-12-10 17:17:36,31.197402,121.545967,4344,72.0,1.6582188556640696,1658.2188556640697
5756,1,2018-12-10 17:47:42,2018-12-10 17:17:42,31.200432,121.54557,1800,30.0,1.9515641032630204,1951.5641032630203
5757,1,2018-12-10 18:30:00,2018-12-10 17:18:00,31.194048,121.546717,4320,72.0,1.375044351583525,1375.044351583525
5758,1,2018-12-10 18:15:00,2018-12-10 17:19:42,31.171229,121.541168,3318,55.0,1.4398467753449613,1439.8467753449613
5759,1,2018-12-10 18:15:00,2018-12-10 17:20:12,31.186331,121.5569,3288,54.0,1.7924454499229745,1792.4454499229746
5760,1,2018-12-10 18:15:00,2018-12-10 17:20:13,31.19018,121.539475,3287,54.0,0.6967078651426257,696.7078651426257
5761,1,2018-12-10 18:15:00,2018-12-10 17:20:14,31.192645,121.533733,3286,54.0,1.0547072456741269,1054.7072456741269
5762,1,2018-12-10 18:15:00,2018-12-10 17:20:16,31.174508,121.55194,3284,54.0,1.6716058035052566,1671.6058035052565
5763,1,2018-12-10 18:15:00,2018-12-10 17:20:21,31.192548,121.536925,3279,54.0,0.9590616992336293,959.0616992336293
5764,1,2018-12-10 18:15:00,2018-12-10 17:20:31,31.179109,121.528865,3269,54.0,1.0486098576128273,1048.6098576128272
5765,1,2018-12-10 18:15:00,2018-12-10 17:20:52,31.183799,121.54222,3248,54.0,0.3746143345691225,374.61433456912255
5766,1,2018-12-10 18:15:00,2018-12-10 17:21:18,31.195516,121.526648,3222,53.0,1.6937623874179555,1693.7623874179556
5767,1,2018-12-10 18:15:00,2018-12-10 17:21:19,31.201952,121.538446,3221,53.0,1.9928236584734398,1992.8236584734398
5768,1,2018-12-10 18:15:00,2018-12-10 17:22:42,31.192119,121.542086,3138,52.0,0.9721874172354047,972.1874172354047
5769,1,2018-12-10 17:53:46,2018-12-10 17:23:48,31.181161,121.531706,1798,29.0,0.7015142264615335,701.5142264615336
5770,1,2018-12-10 18:15:00,2018-12-10 17:24:28,31.175974,121.525535,3032,50.0,1.505728333871279,1505.7283338712791
5771,1,2018-12-10 18:15:00,2018-12-10 17:25:00,31.182099,121.524467,3000,50.0,1.3345213965008933,1334.5213965008934
5772,1,2018-12-10 18:15:00,2018-12-10 17:25:12,31.192379,121.551598,2988,49.0,1.573264657223924,1573.264657223924
5773,1,2018-12-10 18:15:00,2018-12-10 17:25:27,31.176219,121.549293,2973,49.0,1.356147755834765,1356.147755834765
5774,1,2018-12-10 18:15:00,2018-12-10 17:26:02,31.186899,121.518597,2938,48.0,1.9053561461746975,1905.3561461746974
5775,1,2018-12-10 17:56:44,2018-12-10 17:26:48,31.192574,121.533099,1796,29.0,1.0740359565112232,1074.0359565112233
5776,1,2018-12-10 18:15:00,2018-12-10 17:27:26,31.173705,121.527674,2854,47.0,1.524004567361286,1524.004567361286
5777,1,2018-12-10 17:57:39,2018-12-10 17:27:39,31.189722,121.52864,1800,30.0,1.119166490082495,1119.1664900824949
5778,1,2018-12-10 18:15:00,2018-12-10 17:27:56,31.185207,121.545179,2824,47.0,0.6701223499007767,670.1223499007767
5779,1,2018-12-10 18:15:00,2018-12-10 17:29:53,31.186185,121.546654,2707,45.0,0.8334398569683286,833.4398569683285
5780,1,2018-12-10 18:15:00,2018-12-10 17:30:09,31.188628,121.53105,2691,44.0,0.861805498503,861.8054985030001
5781,1,2018-12-10 18:15:00,2018-12-10 17:30:31,31.184674,121.542529,2669,44.0,0.4108390921327126,410.8390921327126
5782,1,2018-12-10 18:30:00,2018-12-10 17:31:06,31.171062,121.541661,3534,58.0,1.4675811205810723,1467.5811205810724
5783,1,2018-12-10 18:45:00,2018-12-10 17:31:52,31.175364,121.548962,4388,73.0,1.3950205417968433,1395.0205417968434
5784,1,2018-12-10 18:30:00,2018-12-10 17:32:06,31.172585,121.552775,3474,57.0,1.8710687702031419,1871.0687702031419
5785,1,2018-12-10 18:45:00,2018-12-10 17:32:32,31.175215,121.548688,4348,72.0,1.3876171230646386,1387.6171230646387
5786,1,2018-12-10 18:45:00,2018-12-10 17:33:18,31.187716,121.520274,4302,71.0,1.7670582864105866,1767.0582864105866
5787,1,2018-12-10 18:30:00,2018-12-10 17:34:14,31.191999,121.535082,3346,55.0,0.9405279281290951,940.5279281290951
5788,1,2018-12-10 18:30:00,2018-12-10 17:34:41,31.186025,121.529131,3319,55.0,0.9025417087871375,902.5417087871375
5789,1,2018-12-10 18:30:00,2018-12-10 17:35:18,31.190368,121.528632,3282,54.0,1.162016209163183,1162.016209163183
5790,1,2018-12-10 18:30:00,2018-12-10 17:36:02,31.184854,121.529088,3238,53.0,0.8830102685454714,883.0102685454714
5791,1,2018-12-10 18:45:00,2018-12-10 17:36:53,31.176725,121.5547,4087,68.0,1.7584236307290373,1758.4236307290373
5792,1,2018-12-10 18:45:00,2018-12-10 17:38:12,31.182058,121.535331,4008,66.0,0.35382358638599504,353.82358638599504
5793,1,2018-12-10 18:30:00,2018-12-10 17:39:30,31.191892,121.539543,3030,50.0,0.885411825612284,885.411825612284
5794,1,2018-12-10 18:30:00,2018-12-10 17:40:22,31.170253,121.545251,2978,49.0,1.6599549290788371,1659.954929078837
5795,1,2018-12-10 18:30:00,2018-12-10 17:42:57,31.196165,121.538689,2823,47.0,1.3516710683876636,1351.6710683876636
5796,1,2018-12-10 18:30:00,2018-12-10 17:43:14,31.186253,121.523333,2806,46.0,1.4483379709057056,1448.3379709057056
5797,1,2018-12-10 18:30:00,2018-12-10 17:43:50,31.190942,121.533958,2770,46.0,0.8757910721974232,875.7910721974232
5798,1,2018-12-10 18:30:00,2018-12-10 17:44:34,31.18513,121.545215,2726,45.0,0.6718082957219514,671.8082957219515
5799,1,2018-12-10 18:30:00,2018-12-10 17:44:46,31.164845,121.537812,2714,45.0,2.121879014119494,2121.879014119494
5800,1,2018-12-10 18:30:00,2018-12-10 17:45:22,31.19514,121.53188,2678,44.0,1.3803418923918949,1380.3418923918948
5801,1,2018-12-10 18:45:00,2018-12-10 17:47:54,31.189976,121.519055,3426,57.0,1.950784421557368,1950.784421557368
5802,1,2018-12-10 18:45:00,2018-12-10 17:48:08,31.19587,121.536903,3412,56.0,1.3251068961152335,1325.1068961152334
5803,1,2018-12-10 18:45:00,2018-12-10 17:49:23,31.183332,121.536826,3337,55.0,0.1573485848513754,157.3485848513754
5804,1,2018-12-10 19:00:00,2018-12-10 17:49:25,31.193832,121.533616,4235,70.0,1.1800269672572758,1180.0269672572758
5805,1,2018-12-10 18:45:00,2018-12-10 17:50:11,31.18372,121.524243,3289,54.0,1.3397985192828838,1339.798519282884
5806,1,2018-12-10 18:45:00,2018-12-10 17:50:32,31.189665,121.552122,3268,54.0,1.4609531781179501,1460.95317811795
5807,1,2018-12-10 18:45:00,2018-12-10 17:50:36,31.185783,121.527076,3264,54.0,1.087990759211772,1087.990759211772
5808,1,2018-12-10 18:45:00,2018-12-10 17:51:44,31.182083,121.536161,3196,53.0,0.2925135872799403,292.51358727994034
5809,1,2018-12-10 19:00:00,2018-12-10 17:53:25,31.176114,121.550868,3995,66.0,1.482102861304328,1482.102861304328
5810,1,2018-12-10 18:45:00,2018-12-10 17:53:41,31.186427,121.551269,3079,51.0,1.2660704939217111,1266.0704939217112
5811,1,2018-12-10 19:00:00,2018-12-10 17:53:56,31.19311,121.534362,3964,66.0,1.079625659064832,1079.625659064832
5812,1,2018-12-10 20:45:00,2018-12-10 17:55:24,31.188104,121.556108,10176,169.0,1.7583917300890706,1758.3917300890705
5813,1,2018-12-10 20:45:00,2018-12-10 17:55:49,31.173338,121.538027,10151,169.0,1.1800168760031728,1180.016876003173
5814,1,2018-12-10 19:30:00,2018-12-10 17:56:58,31.191201,121.536759,5582,93.0,0.8140603825230467,814.0603825230467
5815,1,2018-12-10 21:00:00,2018-12-10 17:57:25,31.186548,121.525975,10955,182.0,1.2084401104536735,1208.4401104536735
5816,1,2018-12-10 18:45:00,2018-12-10 17:57:49,31.195855,121.54376,2831,47.0,1.4160473417510402,1416.0473417510402
5817,1,2018-12-10 18:45:00,2018-12-10 17:58:51,31.187777,121.542247,2769,46.0,0.5650072700646985,565.0072700646986
5818,1,2018-12-10 19:00:00,2018-12-10 17:59:24,31.174964,121.524501,3636,60.0,1.651678141225958,1651.678141225958
5819,1,2018-12-10 19:00:00,2018-12-10 18:00:02,31.193012,121.534006,3598,59.0,1.0818059720279687,1081.8059720279687
5820,1,2018-12-10 19:15:00,2018-12-10 18:01:31,31.176681,121.548371,4409,73.0,1.255814990414495,1255.814990414495
5821,1,2018-12-10 19:00:00,2018-12-10 18:01:41,31.192068,121.536915,3499,58.0,0.9065056456505981,906.5056456505981
5822,1,2018-12-10 19:00:00,2018-12-10 18:02:51,31.181102,121.538038,3429,57.0,0.31986820023126633,319.8682002312663
5823,1,2018-12-10 19:00:00,2018-12-10 18:03:39,31.192069,121.535736,3381,56.0,0.9295991276479276,929.5991276479276
5824,1,2018-12-10 19:00:00,2018-12-10 18:05:02,31.183174,121.523053,3298,54.0,1.4556629338355462,1455.6629338355463
5825,1,2018-12-10 19:00:00,2018-12-10 18:05:02,31.173664,121.527275,3298,54.0,1.552879302603633,1552.879302603633
5826,1,2018-12-10 19:00:00,2018-12-10 18:05:17,31.18808,121.534705,3283,54.0,0.5691405220855293,569.1405220855294
5827,1,2018-12-10 19:30:00,2018-12-10 18:06:01,31.183633,121.519549,5039,83.0,1.787337923767976,1787.337923767976
5828,1,2018-12-10 18:37:20,2018-12-10 18:07:21,31.196942,121.544363,1799,29.0,1.5492832711632671,1549.283271163267
5829,1,2018-12-10 19:30:00,2018-12-10 18:09:44,31.178398,121.546622,4816,80.0,1.006376397704777,1006.376397704777
5830,1,2018-12-10 19:00:00,2018-12-10 18:10:19,31.182926,121.534785,2981,49.0,0.3543877663256914,354.3877663256914
5831,1,2018-12-10 19:00:00,2018-12-10 18:10:33,31.164417,121.534081,2967,49.0,2.20573102504412,2205.73102504412
5832,1,2018-12-10 19:00:00,2018-12-10 18:11:06,31.20295,121.537631,2934,48.0,2.104376516004942,2104.376516004942
5833,1,2018-12-10 19:00:00,2018-12-10 18:12:36,31.187537,121.531328,2844,47.0,0.7724857037186132,772.4857037186132
5834,1,2018-12-10 19:00:00,2018-12-10 18:13:08,31.174882,121.547904,2812,46.0,1.3623895290896644,1362.3895290896644
5835,1,2018-12-10 19:00:00,2018-12-10 18:13:21,31.181467,121.537532,2799,46.0,0.2878101931218719,287.8101931218719
5836,1,2018-12-10 19:00:00,2018-12-10 18:15:08,31.186696,121.551519,2692,44.0,1.2959619980793606,1295.9619980793607
5837,1,2018-12-10 19:15:00,2018-12-10 18:17:22,31.191369,121.53352,3458,57.0,0.9373458976225579,937.3458976225579
5838,1,2018-12-10 19:15:00,2018-12-10 18:18:47,31.192099,121.534327,3373,56.0,0.9765747000400657,976.5747000400657
5839,1,2018-12-10 19:30:00,2018-12-10 18:19:07,31.191733,121.534482,4253,70.0,0.9334430671774782,933.4430671774782
5840,1,2018-12-10 19:15:00,2018-12-10 18:19:49,31.192099,121.53884,3311,55.0,0.9018364015535244,901.8364015535244
5841,1,2018-12-10 19:15:00,2018-12-10 18:19:52,31.196347,121.530235,3308,55.0,1.5718775497309565,1571.8775497309566
5842,1,2018-12-10 19:30:00,2018-12-10 18:21:12,31.188481,121.53564,4128,68.0,0.5597081693533767,559.7081693533768
5843,1,2018-12-10 19:30:00,2018-12-10 18:21:28,31.188531,121.518692,4112,68.0,1.9355414106474629,1935.541410647463
5844,1,2018-12-10 19:30:00,2018-12-10 18:21:31,31.191212,121.536495,4109,68.0,0.8201541926599495,820.1541926599494
5845,1,2018-12-10 19:15:00,2018-12-10 18:22:22,31.191535,121.5332,3158,52.0,0.968408791064698,968.408791064698
5846,1,2018-12-10 19:15:00,2018-12-10 18:22:57,31.180346,121.552514,3123,52.0,1.413912160281292,1413.912160281292
5847,1,2018-12-10 19:15:00,2018-12-10 18:23:50,31.182941,121.5231,3070,51.0,1.453009703570081,1453.009703570081
5848,1,2018-12-10 19:15:00,2018-12-10 18:23:53,31.196294,121.543829,3067,51.0,1.4637744865996432,1463.774486599643
5849,1,2018-12-10 19:15:00,2018-12-10 18:24:54,31.183582,121.539649,3006,50.0,0.13630045264024077,136.30045264024076
5850,1,2018-12-10 19:30:00,2018-12-10 18:27:12,31.200392,121.535616,3768,62.0,1.8376433127208032,1837.6433127208031
5851,1,2018-12-10 19:30:00,2018-12-10 18:27:14,31.188699,121.517651,3766,62.0,2.036205270252595,2036.2052702525948
5852,1,2018-12-10 19:15:00,2018-12-10 18:28:15,31.192138,121.536607,2805,46.0,0.9188701956519841,918.8701956519841
5853,1,2018-12-10 19:15:00,2018-12-10 18:29:12,31.190696,121.541743,2748,45.0,0.8140575543182679,814.0575543182679
5854,1,2018-12-10 19:15:00,2018-12-10 18:29:16,31.190468,121.533638,2744,45.0,0.8454434615899274,845.4434615899274
5855,1,2018-12-10 19:15:00,2018-12-10 18:29:39,31.179618,121.552758,2721,45.0,1.4609175074750627,1460.9175074750626
5856,1,2018-12-10 19:15:00,2018-12-10 18:29:52,31.179021,121.54539,2708,45.0,0.8714670818586082,871.4670818586083
5857,1,2018-12-10 19:45:00,2018-12-10 18:32:54,31.184854,121.529185,4326,72.0,0.8738208588839097,873.8208588839098
5858,1,2018-12-10 19:30:00,2018-12-10 18:34:07,31.189564,121.532166,3353,55.0,0.8513836914380754,851.3836914380754
5859,1,2018-12-10 19:30:00,2018-12-10 18:34:34,31.188967,121.524145,3326,55.0,1.4577920844498864,1457.7920844498865
5860,1,2018-12-10 19:30:00,2018-12-10 18:34:45,31.195025,121.534258,3315,55.0,1.2837925454032917,1283.7925454032918
5861,1,2018-12-10 19:30:00,2018-12-10 18:35:09,31.192255,121.534475,3291,54.0,0.9872531645473944,987.2531645473945
5862,1,2018-12-10 19:30:00,2018-12-10 18:35:22,31.185241,121.527475,3278,54.0,1.040862772326635,1040.862772326635
5863,1,2018-12-10 19:30:00,2018-12-10 18:36:00,31.195238,121.546505,3240,54.0,1.4733352274370135,1473.3352274370136
5864,1,2018-12-10 19:45:00,2018-12-10 18:36:37,31.196025,121.545052,4103,68.0,1.4827772663788166,1482.7772663788166
5865,1,2018-12-10 19:30:00,2018-12-10 18:37:09,31.183941,121.54839,3171,52.0,0.9622210898973966,962.2210898973966
5866,1,2018-12-10 19:30:00,2018-12-10 18:37:50,31.1962,121.531006,3130,52.0,1.5227762372281515,1522.7762372281516
5867,1,2018-12-10 19:08:32,2018-12-10 18:38:33,31.189046,121.556371,1799,29.0,1.812214020482673,1812.214020482673
5868,1,2018-12-10 19:30:00,2018-12-10 18:38:52,31.195063,121.538349,3068,51.0,1.22897932524121,1228.97932524121
5869,1,2018-12-10 19:45:00,2018-12-10 18:39:20,31.193436,121.533636,3940,65.0,1.138754953932478,1138.754953932478
5870,1,2018-12-10 19:30:00,2018-12-10 18:39:37,31.181391,121.520357,3023,50.0,1.7338273397208108,1733.8273397208109
5871,1,2018-12-10 19:30:00,2018-12-10 18:40:55,31.196556,121.534675,2945,49.0,1.4365650001253656,1436.5650001253655
5872,1,2018-12-10 19:30:00,2018-12-10 18:41:22,31.192526,121.537012,2918,48.0,0.955548253513258,955.548253513258
5873,1,2018-12-10 19:30:00,2018-12-10 18:41:39,31.190478,121.529908,2901,48.0,1.0763110335929431,1076.3110335929432
5874,1,2018-12-10 19:45:00,2018-12-10 18:42:18,31.190478,121.542299,3762,62.0,0.8154196339927955,815.4196339927955
5875,1,2018-12-10 19:30:00,2018-12-10 18:42:33,31.190799,121.539135,2847,47.0,0.7604290152882239,760.4290152882239
5876,1,2018-12-10 19:30:00,2018-12-10 18:42:54,31.189493,121.528226,2826,47.0,1.1379969780958499,1137.99697809585
5877,1,2018-12-10 19:30:00,2018-12-10 18:43:25,31.190237,121.54169,2795,46.0,0.7656240266138762,765.6240266138761
5878,1,2018-12-10 19:45:00,2018-12-10 18:46:10,31.186444,121.527242,3530,58.0,1.0884938962513757,1088.4938962513756
5879,1,2018-12-10 19:45:00,2018-12-10 18:46:32,31.189,121.527802,3508,58.0,1.1447288535662703,1144.7288535662703
5880,1,2018-12-10 19:45:00,2018-12-10 18:47:03,31.180977,121.554459,3477,57.0,1.5762652437628533,1576.2652437628533
5881,1,2018-12-10 21:30:00,2018-12-10 18:47:48,31.180996,121.527266,9732,162.0,1.1021300908266816,1102.1300908266815
5882,1,2018-12-10 19:45:00,2018-12-10 18:48:45,31.179317,121.55319,3375,56.0,1.5109283481465485,1510.9283481465486
5883,1,2018-12-10 19:45:00,2018-12-10 18:50:29,31.192065,121.528587,3271,54.0,1.2884749298615676,1288.4749298615677
5884,1,2018-12-10 19:45:00,2018-12-10 18:50:36,31.182855,121.543209,3264,54.0,0.48464138225118264,484.6413822511826
5885,1,2018-12-10 19:45:00,2018-12-10 18:54:36,31.181163,121.538253,3024,50.0,0.31218811288457743,312.18811288457744
5886,1,2018-12-10 20:00:00,2018-12-10 18:56:11,31.196239,121.532231,3829,63.0,1.4771489966003812,1477.1489966003812
5887,1,2018-12-10 19:45:00,2018-12-10 18:56:42,31.181555,121.538344,2898,48.0,0.2687395406443863,268.7395406443863
5888,1,2018-12-10 19:45:00,2018-12-10 18:58:52,31.176599,121.538528,2768,46.0,0.8184842333954451,818.484233395445
5889,1,2018-12-10 19:31:37,2018-12-10 19:00:39,31.192988,121.520119,1858,30.0,1.999851379189955,1999.851379189955
5890,1,2018-12-10 21:45:00,2018-12-10 19:01:14,31.184974,121.529324,9826,163.0,0.8622560296048918,862.2560296048918
5891,1,2018-12-10 21:45:00,2018-12-10 19:01:55,31.181495,121.530077,9785,163.0,0.8303830403103066,830.3830403103067
5892,1,2018-12-10 20:00:00,2018-12-10 19:02:44,31.177368,121.548548,3436,57.0,1.2215990890934862,1221.5990890934863
5893,1,2018-12-10 20:15:00,2018-12-10 19:03:48,31.174878,121.527018,4272,71.0,1.474366347506739,1474.366347506739
5894,1,2018-12-10 20:00:00,2018-12-10 19:05:12,31.185502,121.544338,3288,54.0,0.6002269368170452,600.2269368170452
5895,1,2018-12-10 20:00:00,2018-12-10 19:05:18,31.195014,121.530032,3282,54.0,1.4551317706237994,1455.1317706237994
5896,1,2018-12-10 20:00:00,2018-12-10 19:05:18,31.172359,121.54257,3282,54.0,1.3511874366473968,1351.187436647397
5897,1,2018-12-10 19:36:17,2018-12-10 19:05:23,31.189277,121.555122,1854,30.0,1.7080657328094413,1708.0657328094412
5898,1,2018-12-10 20:00:00,2018-12-10 19:05:29,31.196005,121.538221,3271,54.0,1.3334298602242598,1333.4298602242598
5899,1,2018-12-10 20:00:00,2018-12-10 19:05:29,31.192239,121.534555,3271,54.0,0.9828127059833719,982.8127059833719
5900,1,2018-12-10 20:00:00,2018-12-10 19:05:40,31.171435,121.542026,3260,54.0,1.435476037086841,1435.476037086841
5901,1,2018-12-10 20:15:00,2018-12-10 19:08:59,31.170741,121.545768,3961,66.0,1.6314060506486352,1631.4060506486353
5902,1,2018-12-10 20:00:00,2018-12-10 19:09:50,31.183952,121.526299,3010,50.0,1.1435152783377325,1143.5152783377325
5903,1,2018-12-10 20:00:00,2018-12-10 19:10:02,31.170454,121.541361,2998,49.0,1.5277048102164723,1527.7048102164722
5904,1,2018-12-10 20:15:00,2018-12-10 19:10:33,31.195665,121.542503,3867,64.0,1.3563573034825154,1356.3573034825154
5905,1,2018-12-10 20:00:00,2018-12-10 19:10:43,31.196616,121.544835,2957,49.0,1.533539754006992,1533.5397540069919
5906,1,2018-12-10 20:00:00,2018-12-10 19:11:02,31.185713,121.529857,2938,48.0,0.8270235329561997,827.0235329561997
5907,1,2018-12-10 20:15:00,2018-12-10 19:16:16,31.176642,121.54789,3524,58.0,1.2239754456942533,1223.9754456942533
5908,1,2018-12-10 21:00:00,2018-12-10 19:16:21,31.168787,121.536057,6219,103.0,1.6977834225944568,1697.7834225944569
5909,1,2018-12-10 20:15:00,2018-12-10 19:16:30,31.193367,121.534224,3510,58.0,1.110916977802458,1110.916977802458
5910,1,2018-12-10 20:15:00,2018-12-10 19:17:06,31.19264,121.534187,3474,57.0,1.0371004834378434,1037.1004834378434
5911,1,2018-12-10 20:15:00,2018-12-10 19:17:56,31.189341,121.54182,3424,57.0,0.6829025858728862,682.9025858728862
5912,1,2018-12-10 20:15:00,2018-12-10 19:20:02,31.189913,121.538176,3298,54.0,0.6580725213591446,658.0725213591446
5913,1,2018-12-10 20:15:00,2018-12-10 19:20:15,31.168726,121.536009,3285,54.0,1.7050721220184948,1705.0721220184948
5914,1,2018-12-10 20:15:00,2018-12-10 19:20:19,31.185151,121.530008,3281,54.0,0.8005880111531489,800.588011153149
5915,1,2018-12-10 20:15:00,2018-12-10 19:20:27,31.17674,121.555945,3273,54.0,1.8640361676496384,1864.0361676496384
5916,1,2018-12-10 20:15:00,2018-12-10 19:21:25,31.190148,121.525533,3215,53.0,1.3956135360321709,1395.613536032171
5917,1,2018-12-10 19:53:31,2018-12-10 19:22:32,31.181996,121.523207,1859,30.0,1.4549562052721228,1454.9562052721228
5918,1,2018-12-10 20:15:00,2018-12-10 19:23:00,31.174462,121.526393,3120,52.0,1.5493903753789697,1549.3903753789698
5919,1,2018-12-10 20:15:00,2018-12-10 19:25:21,31.186064,121.526449,2979,49.0,1.1526316163510526,1152.6316163510526
5920,1,2018-12-10 20:15:00,2018-12-10 19:25:55,31.196255,121.527825,2945,49.0,1.6877951948246899,1687.7951948246898
5921,1,2018-12-10 20:15:00,2018-12-10 19:26:55,31.169929,121.544531,2885,48.0,1.6672636486362784,1667.2636486362785
5922,1,2018-12-10 20:15:00,2018-12-10 19:27:30,31.190121,121.543957,2850,47.0,0.8689186748689756,868.9186748689756
5923,1,2018-12-10 20:15:00,2018-12-10 19:27:53,31.194213,121.542224,2827,47.0,1.1949120940874227,1194.9120940874227
5924,1,2018-12-10 20:15:00,2018-12-10 19:29:04,31.197083,121.53201,2756,45.0,1.571599854916215,1571.599854916215
5925,1,2018-12-10 20:45:00,2018-12-10 19:30:28,31.187691,121.555751,4472,74.0,1.7139915455065562,1713.9915455065561
5926,1,2018-12-10 20:30:00,2018-12-10 19:31:44,31.189926,121.522802,3496,58.0,1.617333828776302,1617.333828776302
5927,1,2018-12-10 20:30:00,2018-12-10 19:33:33,31.173029,121.545838,3387,56.0,1.4109386452007404,1410.9386452007404
5928,1,2018-12-10 20:30:00,2018-12-10 19:34:33,31.192696,121.549953,3327,55.0,1.4726958011910738,1472.6958011910738
5929,1,2018-12-10 20:30:00,2018-12-10 19:35:10,31.190188,121.537798,3290,54.0,0.6900951282109979,690.0951282109979
5930,1,2018-12-10 20:30:00,2018-12-10 19:36:08,31.174743,121.525127,3232,53.0,1.6199532693686443,1619.9532693686442
5931,1,2018-12-10 22:00:00,2018-12-10 19:36:57,31.190976,121.532888,8583,143.0,0.931439163666996,931.439163666996
5932,1,2018-12-10 20:30:00,2018-12-10 19:36:57,31.192366,121.533581,3183,53.0,1.0328258279567848,1032.825827956785
5933,1,2018-12-10 21:30:00,2018-12-10 19:38:01,31.170336,121.547983,6719,111.0,1.7722057858333193,1772.2057858333194
5934,1,2018-12-10 20:30:00,2018-12-10 19:39:28,31.191594,121.554786,3032,50.0,1.7842481949845663,1784.2481949845662
5935,1,2018-12-10 20:30:00,2018-12-10 19:39:50,31.182137,121.535384,3010,50.0,0.34454027912994556,344.54027912994553
5936,1,2018-12-10 20:30:00,2018-12-10 19:41:06,31.17193,121.53934,2934,48.0,1.339553220302621,1339.553220302621
5937,1,2018-12-10 20:30:00,2018-12-10 19:41:48,31.189568,121.525516,2892,48.0,1.3666937786866098,1366.69377868661
5938,1,2018-12-10 20:30:00,2018-12-10 19:41:50,31.196282,121.530668,2890,48.0,1.5457598586170533,1545.7598586170534
5939,1,2018-12-10 20:30:00,2018-12-10 19:43:13,31.194416,121.543074,2807,46.0,1.2436388966727692,1243.638896672769
5940,1,2018-12-10 20:30:00,2018-12-10 19:43:43,31.182688,121.53451,2777,46.0,0.38817029429103894,388.17029429103894
5941,1,2018-12-10 20:16:34,2018-12-10 19:45:35,31.191375,121.522938,1859,30.0,1.6778862262434913,1677.8862262434914
5942,1,2018-12-10 20:45:00,2018-12-10 19:47:24,31.196961,121.544875,3456,57.0,1.5700842986813117,1570.0842986813118
5943,1,2018-12-10 20:45:00,2018-12-10 19:48:14,31.184155,121.5218,3406,56.0,1.5724781970238881,1572.4781970238882
5944,1,2018-12-10 20:45:00,2018-12-10 19:49:34,31.185045,121.529588,3326,55.0,0.8383784776084882,838.3784776084882
5945,1,2018-12-10 20:45:00,2018-12-10 19:49:45,31.194621,121.535137,3315,55.0,1.2177624176300395,1217.7624176300394
5946,1,2018-12-10 21:00:00,2018-12-10 19:51:50,31.183297,121.534384,4090,68.0,0.3804264094340756,380.4264094340756
5947,1,2018-12-10 21:00:00,2018-12-10 19:52:15,31.16521,121.536026,4065,67.0,2.0921266661554454,2092.1266661554455
5948,1,2018-12-10 21:00:00,2018-12-10 19:52:18,31.178189,121.5484,4062,67.0,1.1574865105780532,1157.4865105780532
5949,1,2018-12-10 20:45:00,2018-12-10 19:52:41,31.186617,121.527384,3139,52.0,1.0804317095799718,1080.4317095799718
5950,1,2018-12-10 20:45:00,2018-12-10 19:54:22,31.19627,121.532898,3038,50.0,1.4566641610385274,1456.6641610385273
5951,1,2018-12-10 20:45:00,2018-12-10 19:55:38,31.191854,121.534034,2962,49.0,0.9630321688296234,963.0321688296234
5952,1,2018-12-10 20:45:00,2018-12-10 19:59:15,31.179847,121.552838,2745,45.0,1.4599500472715283,1459.9500472715283
5953,1,2018-12-10 20:45:00,2018-12-10 19:59:50,31.184495,121.556431,2710,45.0,1.7296269280932595,1729.6269280932595
5954,1,2018-12-10 21:15:00,2018-12-10 20:02:51,31.188026,121.547167,4329,72.0,0.9573145595410313,957.3145595410313
5955,1,2018-12-10 21:00:00,2018-12-10 20:05:02,31.190447,121.520856,3298,54.0,1.810396276192147,1810.396276192147
5956,1,2018-12-10 21:00:00,2018-12-10 20:05:27,31.179851,121.548561,3273,54.0,1.080254065333201,1080.254065333201
5957,1,2018-12-10 21:00:00,2018-12-10 20:07:10,31.181008,121.532573,3170,52.0,0.6371950042462189,637.1950042462189
5958,1,2018-12-10 21:00:00,2018-12-10 20:12:57,31.187353,121.531533,2823,47.0,0.7453056742302673,745.3056742302673
5959,1,2018-12-10 21:00:00,2018-12-10 20:13:07,31.195869,121.545205,2813,46.0,1.4736761014180768,1473.6761014180768
5960,1,2018-12-10 21:15:00,2018-12-10 20:18:18,31.196719,121.545171,3402,56.0,1.557185054461571,1557.185054461571
5961,1,2018-12-10 21:15:00,2018-12-10 20:20:08,31.171274,121.539997,3292,54.0,1.4178878149463905,1417.8878149463906
5962,1,2018-12-10 21:15:00,2018-12-10 20:20:29,31.172918,121.553232,3271,54.0,1.8791314277069826,1879.1314277069825
5963,1,2018-12-10 21:15:00,2018-12-10 20:23:00,31.166725,121.537238,3120,52.0,1.9155928629445305,1915.5928629445305
5964,1,2018-12-10 20:54:08,2018-12-10 20:23:12,31.179614,121.55274,1856,30.0,1.4594455010643637,1459.4455010643637
5965,1,2018-12-10 21:15:00,2018-12-10 20:23:34,31.190713,121.526359,3086,51.0,1.3608815259355778,1360.8815259355777
5966,1,2018-12-10 21:15:00,2018-12-10 20:23:48,31.163753,121.533352,3072,51.0,2.2914358232541776,2291.4358232541776
5967,1,2018-12-10 21:15:00,2018-12-10 20:24:54,31.183532,121.537402,3006,50.0,0.09851124315569586,98.51124315569585
5968,1,2018-12-10 21:15:00,2018-12-10 20:25:39,31.165942,121.534108,2961,49.0,2.0392057360846656,2039.2057360846657
5969,1,2018-12-10 21:15:00,2018-12-10 20:26:49,31.19523,121.53119,2891,48.0,1.4194708673165004,1419.4708673165005
5970,1,2018-12-10 21:15:00,2018-12-10 20:28:21,31.195618,121.5249,2799,46.0,1.8153738281382086,1815.3738281382086
5971,1,2018-12-10 21:30:00,2018-12-10 20:32:28,31.190693,121.534713,3452,57.0,0.8190340640052913,819.0340640052914
5972,1,2018-12-10 21:30:00,2018-12-10 20:36:23,31.181784,121.538551,3217,53.0,0.24452582685697935,244.52582685697936
5973,1,2018-12-10 22:00:00,2018-12-10 20:36:45,31.18467,121.537246,4995,83.0,0.1260386116681816,126.03861166818159
5974,1,2018-12-10 21:08:48,2018-12-10 20:37:52,31.175932,121.537167,1856,30.0,0.8985982749494332,898.5982749494332
5975,1,2018-12-10 21:30:00,2018-12-10 20:41:26,31.196501,121.524042,2914,48.0,1.9425114787126774,1942.5114787126774
5976,1,2018-12-10 21:12:40,2018-12-10 20:41:44,31.166709,121.53275,1856,30.0,1.9863512644370662,1986.3512644370662
5977,1,2018-12-10 22:00:00,2018-12-10 20:45:14,31.180216,121.552447,4486,74.0,1.4119831788613746,1411.9831788613747
5978,1,2018-12-10 21:45:00,2018-12-10 20:46:02,31.175493,121.525181,3538,58.0,1.5645958114962466,1564.5958114962466
5979,1,2018-12-10 21:45:00,2018-12-10 20:47:22,31.176347,121.537809,3458,57.0,0.8473939250115252,847.3939250115252
5980,1,2018-12-10 21:17:35,2018-12-10 20:47:35,31.193109,121.554813,1800,30.0,1.8717555486944073,1871.7555486944073
5981,1,2018-12-10 21:45:00,2018-12-10 20:49:10,31.203988,121.53584,3350,55.0,2.2308195978090337,2230.819597809034
5982,1,2018-12-10 21:45:00,2018-12-10 20:50:01,31.180469,121.553261,3299,54.0,1.4786589349545676,1478.6589349545675
5983,1,2018-12-10 21:45:00,2018-12-10 20:50:24,31.187161,121.52665,3276,54.0,1.1647673990105463,1164.7673990105463
5984,1,2018-12-10 21:45:00,2018-12-10 20:52:13,31.179872,121.553706,3167,52.0,1.5379078078280604,1537.9078078280604
5985,1,2018-12-10 21:45:00,2018-12-10 20:53:04,31.185193,121.530144,3116,51.0,0.7885809910491777,788.5809910491777
5986,1,2018-12-10 21:45:00,2018-12-10 20:53:39,31.187087,121.523861,3081,51.0,1.418389183147436,1418.389183147436
5987,1,2018-12-10 21:45:00,2018-12-10 20:56:08,31.188004,121.539686,2932,48.0,0.46558199866062455,465.58199866062455
5988,1,2018-12-10 21:45:00,2018-12-10 20:57:48,31.180368,121.553731,2832,47.0,1.524829187866112,1524.829187866112
5989,1,2018-12-10 21:45:00,2018-12-10 20:57:55,31.181727,121.539212,2825,47.0,0.2644752034181868,264.4752034181868
5990,1,2018-12-10 22:00:00,2018-12-10 21:05:21,31.184715,121.539839,3279,54.0,0.16826818917089983,168.26818917089983
5991,1,2018-12-10 22:00:00,2018-12-10 21:06:45,31.181886,121.538773,3195,53.0,0.23642365400150564,236.42365400150564
5992,1,2018-12-10 21:45:38,2018-12-10 21:14:41,31.19681,121.54505,1857,30.0,1.5615530612136974,1561.5530612136974
5993,1,2018-12-10 22:00:00,2018-12-10 21:14:57,31.170298,121.544758,2703,45.0,1.6371245702188189,1637.124570218819
5994,1,2018-12-10 13:00:00,2018-12-10 12:07:49,31.185187,121.533545,3131,52.0,0.4722247544248332,472.2247544248332
5995,1,2018-12-10 16:30:00,2018-12-10 15:35:52,31.174866,121.540837,3248,54.0,1.0389672295679921,1038.967229567992
5996,1,2018-12-10 18:00:00,2018-12-10 17:12:15,31.184432,121.542833,2865,47.0,0.4354281550920367,435.4281550920367
5997,1,2018-12-10 20:30:00,2018-12-10 19:34:53,31.18115,121.554743,3307,55.0,1.5988627242457902,1598.8627242457903
